#
# There is insufficient memory for the Java Runtime Environment to continue.
# Native memory allocation (malloc) failed to allocate 16375448 bytes. Error detail: Chunk::new
# Possible reasons:
#   The system is out of physical RAM or swap space
#   This process is running with CompressedOops enabled, and the Java Heap may be blocking the growth of the native heap
# Possible solutions:
#   Reduce memory load on the system
#   Increase physical memory or swap space
#   Check if swap backing store is full
#   Decrease Java heap size (-Xmx/-Xms)
#   Decrease number of Java threads
#   Decrease Java thread stack sizes (-Xss)
#   Set larger code cache with -XX:ReservedCodeCacheSize=
#   JVM is running with Unscaled Compressed Oops mode in which the Java heap is
#     placed in the first 4GB address space. The Java Heap base address is the
#     maximum limit for the native heap growth. Please use -XX:HeapBaseMinAddress
#     to set the Java Heap base and to place the Java Heap above 4GB virtual address.
# This output file may be truncated or incomplete.
#
#  Out of Memory Error (arena.cpp:186), pid=15816, tid=16128
#
# JRE version: OpenJDK Runtime Environment (25.0.2) (build 25.0.2+-15348964-b329.117)
# Java VM: OpenJDK 64-Bit Server VM (25.0.2+-15348964-b329.117, mixed mode, tiered, compressed oops, compressed class ptrs, g1 gc, windows-amd64)
# No core dump will be written. Minidumps are not enabled by default on client versions of Windows
#

---------------  S U M M A R Y ------------

Command Line: --add-opens=java.base/java.lang=ALL-UNNAMED --add-opens=java.base/java.lang.invoke=ALL-UNNAMED --add-opens=java.base/java.util=ALL-UNNAMED --add-opens=java.prefs/java.util.prefs=ALL-UNNAMED --add-exports=jdk.compiler/com.sun.tools.javac.api=ALL-UNNAMED --add-exports=jdk.compiler/com.sun.tools.javac.util=ALL-UNNAMED --add-opens=java.base/java.nio.charset=ALL-UNNAMED --add-opens=java.base/java.net=ALL-UNNAMED --add-opens=java.base/java.util.concurrent=ALL-UNNAMED --add-opens=java.base/java.util.concurrent.atomic=ALL-UNNAMED --add-opens=java.xml/javax.xml.namespace=ALL-UNNAMED --add-opens=java.base/java.time=ALL-UNNAMED --enable-native-access=ALL-UNNAMED -XX:+UseG1GC -XX:MaxMetaspaceSize=512m -Xmx2048m -Dfile.encoding=UTF-8 -Duser.country=US -Duser.language=en -Duser.variant -javaagent:C:\Users\Admin\.gradle\wrapper\dists\gradle-9.5.0-bin\bvnork1r7n8i6kp5cnkibsc9q\gradle-9.5.0\lib\agents\gradle-instrumentation-agent-9.5.0.jar org.gradle.launcher.daemon.bootstrap.GradleDaemon 9.5.0

Host: 13th Gen Intel(R) Core(TM) i5-1334U, 12 cores, 7G,  Windows 10 , 64 bit Build 19041 (10.0.19041.5915)
Time: Sat Aug 15 13:47:59 2026 SE Asia Standard Time elapsed time: 37.246486 seconds (0d 0h 0m 37s)

---------------  T H R E A D  ---------------

Current thread (0x00000247b2e96e60):  JavaThread "C2 CompilerThread0" daemon [_thread_in_native, id=16128, stack(0x000000a3dce00000,0x000000a3dcf00000) (1024K)]


Current CompileTask:
C2:37246 12263       4       org.gradle.internal.instantiation.generator.AbstractClassGenerator::inspectType (602 bytes)

Stack: [0x000000a3dce00000,0x000000a3dcf00000]
Native frames: (J=compiled Java code, j=interpreted, Vv=VM code, C=native code)
V  [jvm.dll+0x7bd439]  (no source info available)
V  [jvm.dll+0x78763d]  (no source info available)
V  [jvm.dll+0xa0c885]  (no source info available)
V  [jvm.dll+0xa0ef04]  (no source info available)
V  [jvm.dll+0xa0f603]  (no source info available)
V  [jvm.dll+0x309bf6]  (no source info available)
V  [jvm.dll+0x10ea69]  (no source info available)
V  [jvm.dll+0x10ed92]  (no source info available)
V  [jvm.dll+0x1a9837]  (no source info available)
V  [jvm.dll+0x3bec92]  (no source info available)
V  [jvm.dll+0x7c2cb7]  (no source info available)
V  [jvm.dll+0x2ce046]  (no source info available)
V  [jvm.dll+0x2cd221]  (no source info available)
V  [jvm.dll+0x242ffa]  (no source info available)
V  [jvm.dll+0x2dcc05]  (no source info available)
V  [jvm.dll+0x2dae06]  (no source info available)
V  [jvm.dll+0x49b59e]  (no source info available)
V  [jvm.dll+0x9ab9c8]  (no source info available)
V  [jvm.dll+0x7bb985]  (no source info available)
C  [ucrtbase.dll+0x21bb2]  (no source info available)
C  [KERNEL32.DLL+0x17374]  (no source info available)
C  [ntdll.dll+0x4cc91]  (no source info available)

Lock stack of current Java thread (top to bottom):


---------------  P R O C E S S  ---------------

Threads class SMR info:
_java_thread_list=0x00000247bb4b7ff0, length=37, elements={
0x000002479aef3b40, 0x00000247b2e80800, 0x00000247b2e8f2b0, 0x00000247b2e90110,
0x00000247b2e93c30, 0x00000247b2e947f0, 0x00000247b2e953b0, 0x00000247b2e95f70,
0x00000247b2e96e60, 0x00000247b2ea1900, 0x00000247b334ac60, 0x00000247b9f62ad0,
0x00000247ba0856c0, 0x00000247ba0a8290, 0x00000247ba1cbcb0, 0x00000247ba1e62f0,
0x00000247ba0968d0, 0x00000247ba095930, 0x00000247ba0997b0, 0x00000247ba578050,
0x00000247ba576110, 0x00000247ba577880, 0x00000247ba5768e0, 0x00000247ba572290,
0x00000247ba573a00, 0x00000247ba575940, 0x00000247bba18050, 0x00000247bba149a0,
0x00000247bba15170, 0x00000247bba170b0, 0x00000247bba141d0, 0x00000247bba12290,
0x00000247bbada120, 0x00000247bbadb0c0, 0x00000247bbade770, 0x00000247bbad81e0,
0x00000247bcbaffc0
}

Java Threads: ( => current thread )
  0x000002479aef3b40 JavaThread "main"                              [_thread_blocked, id=6092, stack(0x000000a3dbf00000,0x000000a3dc000000) (1024K)]
  0x00000247b2e80800 JavaThread "Common-Cleaner"             daemon [_thread_blocked, id=5100, stack(0x000000a3dc700000,0x000000a3dc800000) (1024K)]
  0x00000247b2e8f2b0 JavaThread "Reference Handler"          daemon [_thread_blocked, id=14048, stack(0x000000a3dc800000,0x000000a3dc900000) (1024K)]
  0x00000247b2e90110 JavaThread "Finalizer"                  daemon [_thread_blocked, id=14856, stack(0x000000a3dc900000,0x000000a3dca00000) (1024K)]
  0x00000247b2e93c30 JavaThread "Signal Dispatcher"          daemon [_thread_blocked, id=14664, stack(0x000000a3dca00000,0x000000a3dcb00000) (1024K)]
  0x00000247b2e947f0 JavaThread "Attach Listener"            daemon [_thread_blocked, id=14080, stack(0x000000a3dcb00000,0x000000a3dcc00000) (1024K)]
  0x00000247b2e953b0 JavaThread "Service Thread"             daemon [_thread_blocked, id=5880, stack(0x000000a3dcc00000,0x000000a3dcd00000) (1024K)]
  0x00000247b2e95f70 JavaThread "Monitor Deflation Thread"   daemon [_thread_blocked, id=14748, stack(0x000000a3dcd00000,0x000000a3dce00000) (1024K)]
=>0x00000247b2e96e60 JavaThread "C2 CompilerThread0"         daemon [_thread_in_native, id=16128, stack(0x000000a3dce00000,0x000000a3dcf00000) (1024K)]
  0x00000247b2ea1900 JavaThread "C1 CompilerThread0"         daemon [_thread_blocked, id=3456, stack(0x000000a3dcf00000,0x000000a3dd000000) (1024K)]
  0x00000247b334ac60 JavaThread "Notification Thread"        daemon [_thread_blocked, id=14112, stack(0x000000a3dd000000,0x000000a3dd100000) (1024K)]
  0x00000247b9f62ad0 JavaThread "Daemon health stats"               [_thread_blocked, id=11620, stack(0x000000a3dd600000,0x000000a3dd700000) (1024K)]
  0x00000247ba0856c0 JavaThread "Incoming local TCP Connector on port 52899"        [_thread_in_native, id=11168, stack(0x000000a3ddb00000,0x000000a3ddc00000) (1024K)]
  0x00000247ba0a8290 JavaThread "Daemon periodic checks"            [_thread_blocked, id=5688, stack(0x000000a3ddc00000,0x000000a3ddd00000) (1024K)]
  0x00000247ba1cbcb0 JavaThread "Daemon"                            [_thread_blocked, id=1784, stack(0x000000a3ddd00000,0x000000a3dde00000) (1024K)]
  0x00000247ba1e62f0 JavaThread "Handler for socket connection from /127.0.0.1:52899 to /127.0.0.1:52900"        [_thread_in_native, id=13788, stack(0x000000a3dde00000,0x000000a3ddf00000) (1024K)]
  0x00000247ba0968d0 JavaThread "Cancel handler"                    [_thread_blocked, id=7112, stack(0x000000a3ddf00000,0x000000a3de000000) (1024K)]
  0x00000247ba095930 JavaThread "Daemon worker"                     [_thread_in_vm, id=10244, stack(0x000000a3de000000,0x000000a3de100000) (1024K)]
  0x00000247ba0997b0 JavaThread "Asynchronous log dispatcher for DefaultDaemonConnection: socket connection from /127.0.0.1:52899 to /127.0.0.1:52900"        [_thread_blocked, id=16252, stack(0x000000a3de300000,0x000000a3de400000) (1024K)]
  0x00000247ba578050 JavaThread "Stdin handler"                     [_thread_blocked, id=2296, stack(0x000000a3de400000,0x000000a3de500000) (1024K)]
  0x00000247ba576110 JavaThread "Daemon client event forwarder"        [_thread_blocked, id=10524, stack(0x000000a3de500000,0x000000a3de600000) (1024K)]
  0x00000247ba577880 JavaThread "Cache worker for journal cache (C:\Users\Admin\.gradle\caches\journal-1)"        [_thread_blocked, id=13584, stack(0x000000a3de600000,0x000000a3de700000) (1024K)]
  0x00000247ba5768e0 JavaThread "File lock request listener"        [_thread_in_native, id=3512, stack(0x000000a3de700000,0x000000a3de800000) (1024K)]
  0x00000247ba572290 JavaThread "Cache worker for file hash cache (C:\Users\Admin\.gradle\caches\9.5.0\fileHashes)"        [_thread_blocked, id=9904, stack(0x000000a3de800000,0x000000a3de900000) (1024K)]
  0x00000247ba573a00 JavaThread "Cache worker for file hash cache (D:\SmartContractAI\.gradle\9.5.0\fileHashes)"        [_thread_blocked, id=11164, stack(0x000000a3de900000,0x000000a3dea00000) (1024K)]
  0x00000247ba575940 JavaThread "Cache worker for Build Output Cleanup Cache (D:\SmartContractAI\.gradle\buildOutputCleanup)"        [_thread_blocked, id=7700, stack(0x000000a3dea00000,0x000000a3deb00000) (1024K)]
  0x00000247bba18050 JavaThread "File watcher server"        daemon [_thread_in_native, id=7536, stack(0x000000a3deb00000,0x000000a3dec00000) (1024K)]
  0x00000247bba149a0 JavaThread "File watcher consumer"      daemon [_thread_blocked, id=15504, stack(0x000000a3dec00000,0x000000a3ded00000) (1024K)]
  0x00000247bba15170 JavaThread "Cache worker for file content cache (C:\Users\Admin\.gradle\caches\9.5.0\fileContent)"        [_thread_blocked, id=7572, stack(0x000000a3ded00000,0x000000a3dee00000) (1024K)]
  0x00000247bba170b0 JavaThread "Cache worker for checksums cache (D:\SmartContractAI\.gradle\9.5.0\checksums)"        [_thread_blocked, id=15588, stack(0x000000a3dee00000,0x000000a3def00000) (1024K)]
  0x00000247bba141d0 JavaThread "Cache worker for cache directory md-supplier (C:\Users\Admin\.gradle\caches\9.5.0\md-supplier)"        [_thread_blocked, id=9968, stack(0x000000a3def00000,0x000000a3df000000) (1024K)]
  0x00000247bba12290 JavaThread "Cache worker for cache directory md-rule (C:\Users\Admin\.gradle\caches\9.5.0\md-rule)"        [_thread_blocked, id=12212, stack(0x000000a3df000000,0x000000a3df100000) (1024K)]
  0x00000247bbada120 JavaThread "Build operations"                  [_thread_blocked, id=8860, stack(0x000000a3df200000,0x000000a3df300000) (1024K)]
  0x00000247bbadb0c0 JavaThread "Build operations Thread 2"         [_thread_blocked, id=15340, stack(0x000000a3df300000,0x000000a3df400000) (1024K)]
  0x00000247bbade770 JavaThread "Problems report writer"            [_thread_blocked, id=11624, stack(0x000000a3df100000,0x000000a3df200000) (1024K)]
  0x00000247bbad81e0 JavaThread "Memory manager"                    [_thread_blocked, id=7424, stack(0x000000a3df400000,0x000000a3df500000) (1024K)]
  0x00000247bcbaffc0 JavaThread "build event listener"              [_thread_blocked, id=14496, stack(0x000000a3df500000,0x000000a3df600000) (1024K)]
Total: 37

Other Threads:
  0x00000247b2e5e2f0 VMThread "VM Thread"                           [id=8480, stack(0x000000a3dc600000,0x000000a3dc700000) (1024K)]
  0x00000247b2e20100 WatcherThread "VM Periodic Task Thread"        [id=10184, stack(0x000000a3dc500000,0x000000a3dc600000) (1024K)]
  0x000002479af51bb0 WorkerThread "GC Thread#0"                     [id=1732, stack(0x000000a3dc000000,0x000000a3dc100000) (1024K)]
  0x00000247b87bcbe0 WorkerThread "GC Thread#1"                     [id=12164, stack(0x000000a3dd100000,0x000000a3dd200000) (1024K)]
  0x00000247b8817400 WorkerThread "GC Thread#2"                     [id=12348, stack(0x000000a3dd200000,0x000000a3dd300000) (1024K)]
  0x00000247b8821e40 WorkerThread "GC Thread#3"                     [id=3028, stack(0x000000a3dd300000,0x000000a3dd400000) (1024K)]
  0x00000247b8822270 WorkerThread "GC Thread#4"                     [id=15556, stack(0x000000a3dd400000,0x000000a3dd500000) (1024K)]
  0x00000247b8824d80 WorkerThread "GC Thread#5"                     [id=3184, stack(0x000000a3dd500000,0x000000a3dd600000) (1024K)]
  0x00000247b88251d0 WorkerThread "GC Thread#6"                     [id=11532, stack(0x000000a3dd700000,0x000000a3dd800000) (1024K)]
  0x00000247b8822b00 WorkerThread "GC Thread#7"                     [id=13856, stack(0x000000a3dd800000,0x000000a3dd900000) (1024K)]
  0x00000247b8824930 WorkerThread "GC Thread#8"                     [id=4156, stack(0x000000a3dd900000,0x000000a3dda00000) (1024K)]
  0x00000247b8825620 WorkerThread "GC Thread#9"                     [id=2856, stack(0x000000a3dda00000,0x000000a3ddb00000) (1024K)]
  0x000002479af6adf0 ConcurrentGCThread "G1 Main Marker"            [id=15876, stack(0x000000a3dc100000,0x000000a3dc200000) (1024K)]
  0x000002479af6c130 WorkerThread "G1 Conc#0"                       [id=5220, stack(0x000000a3dc200000,0x000000a3dc300000) (1024K)]
  0x00000247b88233a0 WorkerThread "G1 Conc#1"                       [id=9364, stack(0x000000a3de100000,0x000000a3de200000) (1024K)]
  0x00000247b8823c40 WorkerThread "G1 Conc#2"                       [id=6384, stack(0x000000a3de200000,0x000000a3de300000) (1024K)]
  0x00000247b2cf70d0 ConcurrentGCThread "G1 Refine#0"               [id=7864, stack(0x000000a3dc300000,0x000000a3dc400000) (1024K)]
  0x00000247b2cf7ae0 ConcurrentGCThread "G1 Service"                [id=10796, stack(0x000000a3dc400000,0x000000a3dc500000) (1024K)]
Total: 18

Threads with active compile tasks:
C2 CompilerThread0  37299 12263       4       org.gradle.internal.instantiation.generator.AbstractClassGenerator::inspectType (602 bytes)
Total: 1

VM state: not at safepoint (normal execution)

VM Mutex/Monitor currently owned by a thread: None

Heap address: 0x0000000080000000, size: 2048 MB, Compressed Oops mode: 32-bit

CDS archive(s) not mapped
Compressed class space mapped at: 0x000000000f000000-0x0000000029000000, reserved size: 436207616
UseCompressedClassPointers 1, UseCompactObjectHeaders 0
Narrow klass pointer bits 32, Max shift 3
Narrow klass base: 0x0000000000000000, Narrow klass shift: 0
Encoding Range: [0x0000000000000000 - 0x0000000100000000), (4294967296 bytes)
Klass Range:    [0x000000000f000000 - 0x0000000029000000), (436207616 bytes)
Klass ID Range:  [251658240 - 687865849) (436207609)
No protection zone.

GC Precious Log:
 CardTable entry size: 512
 Card Set container configuration: InlinePtr #cards 5 size 8 Array Of Cards #cards 10 size 36 Howl #buckets 4 coarsen threshold 1843 Howl Bitmap #cards 512 size 80 coarsen threshold 460 Card regions per heap region 1 cards per card region 2048
 CPUs: 12 total, 12 available
 Memory: 7835M
 Large Page Support: Disabled
 NUMA Support: Disabled
 Compressed Oops: Enabled (32-bit)
 Heap Region Size: 1M
 Heap Min Capacity: 8M
 Heap Initial Capacity: 124M
 Heap Max Capacity: 2G
 Pre-touch: Disabled
 Parallel Workers: 10
 Concurrent Workers: 3
 Concurrent Refinement Workers: 10
 Periodic GC: Disabled

Heap:
 garbage-first heap   total reserved 2097152K, committed 166912K, used 105266K [0x0000000080000000, 0x0000000100000000)
  region size 1024K, 7 young (7168K), 6 survivors (6144K)

Heap Regions: E=young(eden), S=young(survivor), O=old, HS=humongous(starts), HC=humongous(continues), CS=collection set, F=free, TAMS=top-at-mark-start, PB=parsable bottom
|   0|0x0000000080000000, 0x0000000080100000, 0x0000000080100000|100%|HS|  |TAMS 0x0000000080100000| PB 0x0000000080000000| Complete |  0
|   1|0x0000000080100000, 0x0000000080200000, 0x0000000080200000|100%|HC|  |TAMS 0x0000000080200000| PB 0x0000000080100000| Complete |  0
|   2|0x0000000080200000, 0x0000000080300000, 0x0000000080300000|100%|HC|  |TAMS 0x0000000080300000| PB 0x0000000080200000| Complete |  0
|   3|0x0000000080300000, 0x0000000080400000, 0x0000000080400000|100%|HC|  |TAMS 0x0000000080400000| PB 0x0000000080300000| Complete |  0
|   4|0x0000000080400000, 0x0000000080500000, 0x0000000080500000|100%| O|  |TAMS 0x0000000080500000| PB 0x0000000080400000| Untracked |  0
|   5|0x0000000080500000, 0x0000000080600000, 0x0000000080600000|100%| O|  |TAMS 0x0000000080600000| PB 0x0000000080500000| Untracked |  0
|   6|0x0000000080600000, 0x0000000080700000, 0x0000000080700000|100%| O|  |TAMS 0x0000000080700000| PB 0x0000000080600000| Untracked |  0
|   7|0x0000000080700000, 0x0000000080800000, 0x0000000080800000|100%|HS|  |TAMS 0x0000000080800000| PB 0x0000000080700000| Complete |  0
|   8|0x0000000080800000, 0x0000000080900000, 0x0000000080900000|100%| O|  |TAMS 0x0000000080900000| PB 0x0000000080800000| Untracked |  0
|   9|0x0000000080900000, 0x0000000080a00000, 0x0000000080a00000|100%| O|  |TAMS 0x0000000080a00000| PB 0x0000000080900000| Untracked |  0
|  10|0x0000000080a00000, 0x0000000080b00000, 0x0000000080b00000|100%| O|  |TAMS 0x0000000080b00000| PB 0x0000000080a00000| Untracked |  0
|  11|0x0000000080b00000, 0x0000000080c00000, 0x0000000080c00000|100%| O|  |TAMS 0x0000000080c00000| PB 0x0000000080b00000| Untracked |  0
|  12|0x0000000080c00000, 0x0000000080d00000, 0x0000000080d00000|100%| O|  |TAMS 0x0000000080d00000| PB 0x0000000080c00000| Untracked |  0
|  13|0x0000000080d00000, 0x0000000080e00000, 0x0000000080e00000|100%| O|  |TAMS 0x0000000080e00000| PB 0x0000000080d00000| Untracked |  0
|  14|0x0000000080e00000, 0x0000000080f00000, 0x0000000080f00000|100%| O|  |TAMS 0x0000000080f00000| PB 0x0000000080e00000| Untracked |  0
|  15|0x0000000080f00000, 0x0000000081000000, 0x0000000081000000|100%| O|  |TAMS 0x0000000081000000| PB 0x0000000080f00000| Untracked |  0
|  16|0x0000000081000000, 0x0000000081100000, 0x0000000081100000|100%| O|  |TAMS 0x0000000081100000| PB 0x0000000081000000| Untracked |  0
|  17|0x0000000081100000, 0x0000000081200000, 0x0000000081200000|100%| O|  |TAMS 0x0000000081200000| PB 0x0000000081100000| Untracked |  0
|  18|0x0000000081200000, 0x0000000081300000, 0x0000000081300000|100%| O|  |TAMS 0x0000000081300000| PB 0x0000000081200000| Untracked |  0
|  19|0x0000000081300000, 0x0000000081400000, 0x0000000081400000|100%| O|  |TAMS 0x0000000081400000| PB 0x0000000081300000| Untracked |  0
|  20|0x0000000081400000, 0x0000000081500000, 0x0000000081500000|100%| O|  |TAMS 0x0000000081500000| PB 0x0000000081400000| Untracked |  0
|  21|0x0000000081500000, 0x0000000081600000, 0x0000000081600000|100%| O|  |TAMS 0x0000000081600000| PB 0x0000000081500000| Untracked |  0
|  22|0x0000000081600000, 0x0000000081700000, 0x0000000081700000|100%| O|  |TAMS 0x0000000081700000| PB 0x0000000081600000| Untracked |  0
|  23|0x0000000081700000, 0x0000000081800000, 0x0000000081800000|100%| O|  |TAMS 0x0000000081800000| PB 0x0000000081700000| Untracked |  0
|  24|0x0000000081800000, 0x0000000081900000, 0x0000000081900000|100%| O|  |TAMS 0x0000000081900000| PB 0x0000000081800000| Untracked |  0
|  25|0x0000000081900000, 0x0000000081a00000, 0x0000000081a00000|100%| O|  |TAMS 0x0000000081a00000| PB 0x0000000081900000| Untracked |  0
|  26|0x0000000081a00000, 0x0000000081b00000, 0x0000000081b00000|100%| O|  |TAMS 0x0000000081b00000| PB 0x0000000081a00000| Untracked |  0
|  27|0x0000000081b00000, 0x0000000081c00000, 0x0000000081c00000|100%| O|  |TAMS 0x0000000081c00000| PB 0x0000000081b00000| Untracked |  0
|  28|0x0000000081c00000, 0x0000000081d00000, 0x0000000081d00000|100%| O|  |TAMS 0x0000000081d00000| PB 0x0000000081c00000| Untracked |  0
|  29|0x0000000081d00000, 0x0000000081e00000, 0x0000000081e00000|100%| O|  |TAMS 0x0000000081e00000| PB 0x0000000081d00000| Untracked |  0
|  30|0x0000000081e00000, 0x0000000081f00000, 0x0000000081f00000|100%| O|  |TAMS 0x0000000081f00000| PB 0x0000000081e00000| Untracked |  0
|  31|0x0000000081f00000, 0x0000000082000000, 0x0000000082000000|100%| O|  |TAMS 0x0000000082000000| PB 0x0000000081f00000| Untracked |  0
|  32|0x0000000082000000, 0x0000000082100000, 0x0000000082100000|100%| O|  |TAMS 0x0000000082100000| PB 0x0000000082000000| Untracked |  0
|  33|0x0000000082100000, 0x0000000082200000, 0x0000000082200000|100%| O|  |TAMS 0x0000000082200000| PB 0x0000000082100000| Untracked |  0
|  34|0x0000000082200000, 0x0000000082300000, 0x0000000082300000|100%| O|  |TAMS 0x0000000082300000| PB 0x0000000082200000| Untracked |  0
|  35|0x0000000082300000, 0x0000000082400000, 0x0000000082400000|100%| O|  |TAMS 0x0000000082400000| PB 0x0000000082300000| Untracked |  0
|  36|0x0000000082400000, 0x0000000082500000, 0x0000000082500000|100%| O|  |TAMS 0x0000000082500000| PB 0x0000000082400000| Untracked |  0
|  37|0x0000000082500000, 0x0000000082600000, 0x0000000082600000|100%| O|  |TAMS 0x0000000082600000| PB 0x0000000082500000| Untracked |  0
|  38|0x0000000082600000, 0x0000000082700000, 0x0000000082700000|100%| O|  |TAMS 0x0000000082700000| PB 0x0000000082600000| Untracked |  0
|  39|0x0000000082700000, 0x0000000082800000, 0x0000000082800000|100%| O|  |TAMS 0x0000000082800000| PB 0x0000000082700000| Untracked |  0
|  40|0x0000000082800000, 0x0000000082900000, 0x0000000082900000|100%| O|  |TAMS 0x0000000082800000| PB 0x0000000082800000| Untracked |  0
|  41|0x0000000082900000, 0x0000000082a00000, 0x0000000082a00000|100%|HS|  |TAMS 0x0000000082a00000| PB 0x0000000082900000| Complete |  0
|  42|0x0000000082a00000, 0x0000000082b00000, 0x0000000082b00000|100%| O|  |TAMS 0x0000000082b00000| PB 0x0000000082a00000| Untracked |  0
|  43|0x0000000082b00000, 0x0000000082c00000, 0x0000000082c00000|100%| O|  |TAMS 0x0000000082c00000| PB 0x0000000082b00000| Untracked |  0
|  44|0x0000000082c00000, 0x0000000082d00000, 0x0000000082d00000|100%| O|  |TAMS 0x0000000082d00000| PB 0x0000000082c00000| Untracked |  0
|  45|0x0000000082d00000, 0x0000000082e00000, 0x0000000082e00000|100%| O|  |TAMS 0x0000000082e00000| PB 0x0000000082d00000| Untracked |  0
|  46|0x0000000082e00000, 0x0000000082f00000, 0x0000000082f00000|100%| O|  |TAMS 0x0000000082f00000| PB 0x0000000082e00000| Untracked |  0
|  47|0x0000000082f00000, 0x0000000083000000, 0x0000000083000000|100%|HS|  |TAMS 0x0000000083000000| PB 0x0000000082f00000| Complete |  0
|  48|0x0000000083000000, 0x0000000083100000, 0x0000000083100000|100%|HS|  |TAMS 0x0000000083100000| PB 0x0000000083000000| Complete |  0
|  49|0x0000000083100000, 0x0000000083200000, 0x0000000083200000|100%|HC|  |TAMS 0x0000000083200000| PB 0x0000000083100000| Complete |  0
|  50|0x0000000083200000, 0x0000000083300000, 0x0000000083300000|100%|HS|  |TAMS 0x0000000083300000| PB 0x0000000083200000| Complete |  0
|  51|0x0000000083300000, 0x0000000083400000, 0x0000000083400000|100%|HC|  |TAMS 0x0000000083400000| PB 0x0000000083300000| Complete |  0
|  52|0x0000000083400000, 0x0000000083500000, 0x0000000083500000|100%|HS|  |TAMS 0x0000000083500000| PB 0x0000000083400000| Complete |  0
|  53|0x0000000083500000, 0x0000000083600000, 0x0000000083600000|100%| O|  |TAMS 0x0000000083600000| PB 0x0000000083500000| Untracked |  0
|  54|0x0000000083600000, 0x0000000083700000, 0x0000000083700000|100%| O|  |TAMS 0x0000000083700000| PB 0x0000000083600000| Untracked |  0
|  55|0x0000000083700000, 0x0000000083800000, 0x0000000083800000|100%| O|  |TAMS 0x0000000083800000| PB 0x0000000083700000| Untracked |  0
|  56|0x0000000083800000, 0x0000000083900000, 0x0000000083900000|100%|HS|  |TAMS 0x0000000083900000| PB 0x0000000083800000| Complete |  0
|  57|0x0000000083900000, 0x0000000083a00000, 0x0000000083a00000|100%|HC|  |TAMS 0x0000000083a00000| PB 0x0000000083900000| Complete |  0
|  58|0x0000000083a00000, 0x0000000083b00000, 0x0000000083b00000|100%|HC|  |TAMS 0x0000000083b00000| PB 0x0000000083a00000| Complete |  0
|  59|0x0000000083b00000, 0x0000000083c00000, 0x0000000083c00000|100%|HS|  |TAMS 0x0000000083c00000| PB 0x0000000083b00000| Complete |  0
|  60|0x0000000083c00000, 0x0000000083d00000, 0x0000000083d00000|100%|HS|  |TAMS 0x0000000083d00000| PB 0x0000000083c00000| Complete |  0
|  61|0x0000000083d00000, 0x0000000083e00000, 0x0000000083e00000|100%|HS|  |TAMS 0x0000000083e00000| PB 0x0000000083d00000| Complete |  0
|  62|0x0000000083e00000, 0x0000000083f00000, 0x0000000083f00000|100%| O|  |TAMS 0x0000000083f00000| PB 0x0000000083e00000| Untracked |  0
|  63|0x0000000083f00000, 0x0000000084000000, 0x0000000084000000|100%| O|  |TAMS 0x0000000084000000| PB 0x0000000083f00000| Untracked |  0
|  64|0x0000000084000000, 0x0000000084100000, 0x0000000084100000|100%| O|  |TAMS 0x0000000084100000| PB 0x0000000084000000| Untracked |  0
|  65|0x0000000084100000, 0x0000000084200000, 0x0000000084200000|100%| O|  |TAMS 0x0000000084200000| PB 0x0000000084100000| Untracked |  0
|  66|0x0000000084200000, 0x0000000084300000, 0x0000000084300000|100%| O|  |TAMS 0x0000000084300000| PB 0x0000000084200000| Untracked |  0
|  67|0x0000000084300000, 0x0000000084400000, 0x0000000084400000|100%| O|  |TAMS 0x0000000084400000| PB 0x0000000084300000| Untracked |  0
|  68|0x0000000084400000, 0x0000000084500000, 0x0000000084500000|100%| O|  |TAMS 0x0000000084500000| PB 0x0000000084400000| Untracked |  0
|  69|0x0000000084500000, 0x0000000084600000, 0x0000000084600000|100%| O|  |TAMS 0x0000000084600000| PB 0x0000000084500000| Untracked |  0
|  70|0x0000000084600000, 0x0000000084700000, 0x0000000084700000|100%| O|  |TAMS 0x0000000084700000| PB 0x0000000084600000| Untracked |  0
|  71|0x0000000084700000, 0x0000000084800000, 0x0000000084800000|100%|HS|  |TAMS 0x0000000084800000| PB 0x0000000084700000| Complete |  0
|  72|0x0000000084800000, 0x0000000084900000, 0x0000000084900000|100%| O|  |TAMS 0x0000000084900000| PB 0x0000000084800000| Untracked |  0
|  73|0x0000000084900000, 0x0000000084a00000, 0x0000000084a00000|100%| O|  |TAMS 0x0000000084a00000| PB 0x0000000084900000| Untracked |  0
|  74|0x0000000084a00000, 0x0000000084b00000, 0x0000000084b00000|100%| O|  |TAMS 0x0000000084b00000| PB 0x0000000084a00000| Untracked |  0
|  75|0x0000000084b00000, 0x0000000084c00000, 0x0000000084c00000|100%| O|  |TAMS 0x0000000084c00000| PB 0x0000000084b00000| Untracked |  0
|  76|0x0000000084c00000, 0x0000000084d00000, 0x0000000084d00000|100%| O|  |TAMS 0x0000000084d00000| PB 0x0000000084c00000| Untracked |  0
|  77|0x0000000084d00000, 0x0000000084e00000, 0x0000000084e00000|100%|HS|  |TAMS 0x0000000084e00000| PB 0x0000000084d00000| Complete |  0
|  78|0x0000000084e00000, 0x0000000084f00000, 0x0000000084f00000|100%|HC|  |TAMS 0x0000000084f00000| PB 0x0000000084e00000| Complete |  0
|  79|0x0000000084f00000, 0x0000000085000000, 0x0000000085000000|100%|HC|  |TAMS 0x0000000085000000| PB 0x0000000084f00000| Complete |  0
|  80|0x0000000085000000, 0x0000000085100000, 0x0000000085100000|100%| O|  |TAMS 0x0000000085100000| PB 0x0000000085000000| Untracked |  0
|  81|0x0000000085100000, 0x0000000085200000, 0x0000000085200000|100%| O|  |TAMS 0x0000000085200000| PB 0x0000000085100000| Untracked |  0
|  82|0x0000000085200000, 0x0000000085300000, 0x0000000085300000|100%| O|  |TAMS 0x0000000085200000| PB 0x0000000085200000| Untracked |  0
|  83|0x0000000085300000, 0x0000000085400000, 0x0000000085400000|100%| O|  |TAMS 0x0000000085400000| PB 0x0000000085300000| Untracked |  0
|  84|0x0000000085400000, 0x0000000085500000, 0x0000000085500000|100%| O|  |TAMS 0x0000000085500000| PB 0x0000000085400000| Untracked |  0
|  85|0x0000000085500000, 0x0000000085600000, 0x0000000085600000|100%| O|  |TAMS 0x0000000085600000| PB 0x0000000085500000| Untracked |  0
|  86|0x0000000085600000, 0x0000000085700000, 0x0000000085700000|100%| O|  |TAMS 0x0000000085700000| PB 0x0000000085600000| Untracked |  0
|  87|0x0000000085700000, 0x0000000085800000, 0x0000000085800000|100%| O|  |TAMS 0x0000000085700000| PB 0x0000000085700000| Untracked |  0
|  88|0x0000000085800000, 0x0000000085900000, 0x0000000085900000|100%| O|  |TAMS 0x00000000858db488| PB 0x0000000085800000| Untracked |  0
|  89|0x0000000085900000, 0x0000000085a00000, 0x0000000085a00000|100%| O|  |TAMS 0x0000000085a00000| PB 0x0000000085900000| Untracked |  0
|  90|0x0000000085a00000, 0x0000000085b00000, 0x0000000085b00000|100%| O|  |TAMS 0x0000000085b00000| PB 0x0000000085a00000| Untracked |  0
|  91|0x0000000085b00000, 0x0000000085c00000, 0x0000000085c00000|100%| O|  |TAMS 0x0000000085c00000| PB 0x0000000085b00000| Untracked |  0
|  92|0x0000000085c00000, 0x0000000085d00000, 0x0000000085d00000|100%| O|  |TAMS 0x0000000085c00000| PB 0x0000000085c00000| Untracked |  0
|  93|0x0000000085d00000, 0x0000000085d00000, 0x0000000085e00000|  0%| F|  |TAMS 0x0000000085d00000| PB 0x0000000085d00000| Untracked |  0
|  94|0x0000000085e00000, 0x0000000085e00000, 0x0000000085f00000|  0%| F|  |TAMS 0x0000000085e00000| PB 0x0000000085e00000| Untracked |  0
|  95|0x0000000085f00000, 0x0000000085f00000, 0x0000000086000000|  0%| F|  |TAMS 0x0000000085f00000| PB 0x0000000085f00000| Untracked |  0
|  96|0x0000000086000000, 0x0000000086000000, 0x0000000086100000|  0%| F|  |TAMS 0x0000000086000000| PB 0x0000000086000000| Untracked |  0
|  97|0x0000000086100000, 0x0000000086100000, 0x0000000086200000|  0%| F|  |TAMS 0x0000000086100000| PB 0x0000000086100000| Untracked |  0
|  98|0x0000000086200000, 0x0000000086200000, 0x0000000086300000|  0%| F|  |TAMS 0x0000000086200000| PB 0x0000000086200000| Untracked |  0
|  99|0x0000000086300000, 0x0000000086300000, 0x0000000086400000|  0%| F|  |TAMS 0x0000000086300000| PB 0x0000000086300000| Untracked |  0
| 100|0x0000000086400000, 0x00000000864c0678, 0x0000000086500000| 75%| S|CS|TAMS 0x0000000086400000| PB 0x0000000086400000| Complete |  0
| 101|0x0000000086500000, 0x0000000086600000, 0x0000000086600000|100%| S|CS|TAMS 0x0000000086500000| PB 0x0000000086500000| Complete |  0
| 102|0x0000000086600000, 0x0000000086700000, 0x0000000086700000|100%| S|CS|TAMS 0x0000000086600000| PB 0x0000000086600000| Complete |  0
| 103|0x0000000086700000, 0x0000000086800000, 0x0000000086800000|100%| S|CS|TAMS 0x0000000086700000| PB 0x0000000086700000| Complete |  0
| 104|0x0000000086800000, 0x0000000086900000, 0x0000000086900000|100%| S|CS|TAMS 0x0000000086800000| PB 0x0000000086800000| Complete |  0
| 105|0x0000000086900000, 0x0000000086a00000, 0x0000000086a00000|100%| S|CS|TAMS 0x0000000086900000| PB 0x0000000086900000| Complete |  0
| 106|0x0000000086a00000, 0x0000000086a00000, 0x0000000086b00000|  0%| F|  |TAMS 0x0000000086a00000| PB 0x0000000086a00000| Untracked |  0
| 107|0x0000000086b00000, 0x0000000086b00000, 0x0000000086c00000|  0%| F|  |TAMS 0x0000000086b00000| PB 0x0000000086b00000| Untracked |  0
| 108|0x0000000086c00000, 0x0000000086c00000, 0x0000000086d00000|  0%| F|  |TAMS 0x0000000086c00000| PB 0x0000000086c00000| Untracked |  0
| 109|0x0000000086d00000, 0x0000000086d00000, 0x0000000086e00000|  0%| F|  |TAMS 0x0000000086d00000| PB 0x0000000086d00000| Untracked |  0
| 110|0x0000000086e00000, 0x0000000086e00000, 0x0000000086f00000|  0%| F|  |TAMS 0x0000000086e00000| PB 0x0000000086e00000| Untracked |  0
| 111|0x0000000086f00000, 0x0000000086f00000, 0x0000000087000000|  0%| F|  |TAMS 0x0000000086f00000| PB 0x0000000086f00000| Untracked |  0
| 112|0x0000000087000000, 0x0000000087000000, 0x0000000087100000|  0%| F|  |TAMS 0x0000000087000000| PB 0x0000000087000000| Untracked |  0
| 113|0x0000000087100000, 0x0000000087100000, 0x0000000087200000|  0%| F|  |TAMS 0x0000000087100000| PB 0x0000000087100000| Untracked |  0
| 114|0x0000000087200000, 0x0000000087200000, 0x0000000087300000|  0%| F|  |TAMS 0x0000000087200000| PB 0x0000000087200000| Untracked |  0
| 115|0x0000000087300000, 0x0000000087300000, 0x0000000087400000|  0%| F|  |TAMS 0x0000000087300000| PB 0x0000000087300000| Untracked |  0
| 116|0x0000000087400000, 0x0000000087400000, 0x0000000087500000|  0%| F|  |TAMS 0x0000000087400000| PB 0x0000000087400000| Untracked |  0
| 117|0x0000000087500000, 0x0000000087500000, 0x0000000087600000|  0%| F|  |TAMS 0x0000000087500000| PB 0x0000000087500000| Untracked |  0
| 118|0x0000000087600000, 0x0000000087600000, 0x0000000087700000|  0%| F|  |TAMS 0x0000000087600000| PB 0x0000000087600000| Untracked |  0
| 119|0x0000000087700000, 0x0000000087700000, 0x0000000087800000|  0%| F|  |TAMS 0x0000000087700000| PB 0x0000000087700000| Untracked |  0
| 120|0x0000000087800000, 0x0000000087800000, 0x0000000087900000|  0%| F|  |TAMS 0x0000000087800000| PB 0x0000000087800000| Untracked |  0
| 121|0x0000000087900000, 0x0000000087900000, 0x0000000087a00000|  0%| F|  |TAMS 0x0000000087900000| PB 0x0000000087900000| Untracked |  0
| 122|0x0000000087a00000, 0x0000000087a00000, 0x0000000087b00000|  0%| F|  |TAMS 0x0000000087a00000| PB 0x0000000087a00000| Untracked |  0
| 123|0x0000000087b00000, 0x0000000087b00000, 0x0000000087c00000|  0%| F|  |TAMS 0x0000000087b00000| PB 0x0000000087b00000| Untracked |  0
| 124|0x0000000087c00000, 0x0000000087c00000, 0x0000000087d00000|  0%| F|  |TAMS 0x0000000087c00000| PB 0x0000000087c00000| Untracked |  0
| 125|0x0000000087d00000, 0x0000000087d00000, 0x0000000087e00000|  0%| F|  |TAMS 0x0000000087d00000| PB 0x0000000087d00000| Untracked |  0
| 126|0x0000000087e00000, 0x0000000087e00000, 0x0000000087f00000|  0%| F|  |TAMS 0x0000000087e00000| PB 0x0000000087e00000| Untracked |  0
| 127|0x0000000087f00000, 0x0000000087f00000, 0x0000000088000000|  0%| F|  |TAMS 0x0000000087f00000| PB 0x0000000087f00000| Untracked |  0
| 128|0x0000000088000000, 0x0000000088000000, 0x0000000088100000|  0%| F|  |TAMS 0x0000000088000000| PB 0x0000000088000000| Untracked |  0
| 129|0x0000000088100000, 0x0000000088100000, 0x0000000088200000|  0%| F|  |TAMS 0x0000000088100000| PB 0x0000000088100000| Untracked |  0
| 130|0x0000000088200000, 0x0000000088200000, 0x0000000088300000|  0%| F|  |TAMS 0x0000000088200000| PB 0x0000000088200000| Untracked |  0
| 131|0x0000000088300000, 0x0000000088300000, 0x0000000088400000|  0%| F|  |TAMS 0x0000000088300000| PB 0x0000000088300000| Untracked |  0
| 132|0x0000000088400000, 0x0000000088400000, 0x0000000088500000|  0%| F|  |TAMS 0x0000000088400000| PB 0x0000000088400000| Untracked |  0
| 133|0x0000000088500000, 0x0000000088500000, 0x0000000088600000|  0%| F|  |TAMS 0x0000000088500000| PB 0x0000000088500000| Untracked |  0
| 134|0x0000000088600000, 0x0000000088600000, 0x0000000088700000|  0%| F|  |TAMS 0x0000000088600000| PB 0x0000000088600000| Untracked |  0
| 135|0x0000000088700000, 0x0000000088700000, 0x0000000088800000|  0%| F|  |TAMS 0x0000000088700000| PB 0x0000000088700000| Untracked |  0
| 136|0x0000000088800000, 0x0000000088800000, 0x0000000088900000|  0%| F|  |TAMS 0x0000000088800000| PB 0x0000000088800000| Untracked |  0
| 137|0x0000000088900000, 0x0000000088900000, 0x0000000088a00000|  0%| F|  |TAMS 0x0000000088900000| PB 0x0000000088900000| Untracked |  0
| 138|0x0000000088a00000, 0x0000000088a00000, 0x0000000088b00000|  0%| F|  |TAMS 0x0000000088a00000| PB 0x0000000088a00000| Untracked |  0
| 139|0x0000000088b00000, 0x0000000088b00000, 0x0000000088c00000|  0%| F|  |TAMS 0x0000000088b00000| PB 0x0000000088b00000| Untracked |  0
| 140|0x0000000088c00000, 0x0000000088c00000, 0x0000000088d00000|  0%| F|  |TAMS 0x0000000088c00000| PB 0x0000000088c00000| Untracked |  0
| 141|0x0000000088d00000, 0x0000000088d00000, 0x0000000088e00000|  0%| F|  |TAMS 0x0000000088d00000| PB 0x0000000088d00000| Untracked |  0
| 142|0x0000000088e00000, 0x0000000088e00000, 0x0000000088f00000|  0%| F|  |TAMS 0x0000000088e00000| PB 0x0000000088e00000| Untracked |  0
| 143|0x0000000088f00000, 0x0000000088f00000, 0x0000000089000000|  0%| F|  |TAMS 0x0000000088f00000| PB 0x0000000088f00000| Untracked |  0
| 144|0x0000000089000000, 0x0000000089000000, 0x0000000089100000|  0%| F|  |TAMS 0x0000000089000000| PB 0x0000000089000000| Untracked |  0
| 145|0x0000000089100000, 0x0000000089100000, 0x0000000089200000|  0%| F|  |TAMS 0x0000000089100000| PB 0x0000000089100000| Untracked |  0
| 146|0x0000000089200000, 0x0000000089200000, 0x0000000089300000|  0%| F|  |TAMS 0x0000000089200000| PB 0x0000000089200000| Untracked |  0
| 147|0x0000000089300000, 0x0000000089300000, 0x0000000089400000|  0%| F|  |TAMS 0x0000000089300000| PB 0x0000000089300000| Untracked |  0
| 148|0x0000000089400000, 0x0000000089400000, 0x0000000089500000|  0%| F|  |TAMS 0x0000000089400000| PB 0x0000000089400000| Untracked |  0
| 149|0x0000000089500000, 0x0000000089500000, 0x0000000089600000|  0%| F|  |TAMS 0x0000000089500000| PB 0x0000000089500000| Untracked |  0
| 150|0x0000000089600000, 0x0000000089600000, 0x0000000089700000|  0%| F|  |TAMS 0x0000000089600000| PB 0x0000000089600000| Untracked |  0
| 151|0x0000000089700000, 0x0000000089700000, 0x0000000089800000|  0%| F|  |TAMS 0x0000000089700000| PB 0x0000000089700000| Untracked |  0
| 152|0x0000000089800000, 0x0000000089800000, 0x0000000089900000|  0%| F|  |TAMS 0x0000000089800000| PB 0x0000000089800000| Untracked |  0
| 153|0x0000000089900000, 0x0000000089900000, 0x0000000089a00000|  0%| F|  |TAMS 0x0000000089900000| PB 0x0000000089900000| Untracked |  0
| 154|0x0000000089a00000, 0x0000000089a00000, 0x0000000089b00000|  0%| F|  |TAMS 0x0000000089a00000| PB 0x0000000089a00000| Untracked |  0
|2040|0x00000000ff800000, 0x00000000ff80c4e0, 0x00000000ff900000|  4%| O|  |TAMS 0x00000000ff800000| PB 0x00000000ff800000| Untracked |  0
|2041|0x00000000ff900000, 0x00000000ff900000, 0x00000000ffa00000|  0%| F|  |TAMS 0x00000000ff900000| PB 0x00000000ff900000| Untracked |  0
|2042|0x00000000ffa00000, 0x00000000ffb00000, 0x00000000ffb00000|100%| O|  |TAMS 0x00000000ffb00000| PB 0x00000000ffa00000| Untracked |  0
|2043|0x00000000ffb00000, 0x00000000ffc00000, 0x00000000ffc00000|100%| O|  |TAMS 0x00000000ffc00000| PB 0x00000000ffb00000| Untracked |  0
|2044|0x00000000ffc00000, 0x00000000ffd00000, 0x00000000ffd00000|100%| O|  |TAMS 0x00000000ffd00000| PB 0x00000000ffc00000| Untracked |  0
|2045|0x00000000ffd00000, 0x00000000ffd80000, 0x00000000ffe00000| 50%| E|  |TAMS 0x00000000ffd00000| PB 0x00000000ffd00000| Complete |  0
|2046|0x00000000ffe00000, 0x00000000fff00000, 0x00000000fff00000|100%| E|CS|TAMS 0x00000000ffe00000| PB 0x00000000ffe00000| Complete |  0
|2047|0x00000000fff00000, 0x0000000100000000, 0x0000000100000000|100%| O|  |TAMS 0x0000000100000000| PB 0x00000000fff00000| Untracked |  0

Card table byte_map: [0x00000247ade50000,0x00000247ae250000] _byte_map_base: 0x00000247ada50000

Marking Bits: (CMBitMap*) 0x000002479af52340
 Bits: [0x00000247ae250000, 0x00000247b0250000)

Polling page: 0x0000024798d30000

Metaspace:
Metaspace        used 111700K, committed 113664K, reserved 557056K
 class space     used 16430K, committed 17344K, reserved 425984K

Usage:
  Non-class:     93.04 MB used.
      Class:     16.05 MB used.
       Both:    109.08 MB used.

Virtual space:
  Non-class space:      128.00 MB reserved,      94.06 MB ( 73%) committed,  2 nodes.
      Class space:      416.00 MB reserved,      16.94 MB (  4%) committed,  1 nodes.
             Both:      544.00 MB reserved,     111.00 MB ( 20%) committed. 

Chunk freelists:
   Non-Class:  1.22 MB
       Class:  14.88 MB
        Both:  16.10 MB

MaxMetaspaceSize: 512.00 MB
CompressedClassSpaceSize: 416.00 MB
Initial GC threshold: 21.00 MB
Current GC threshold: 167.81 MB
CDS: off
 - commit_granule_bytes: 65536.
 - commit_granule_words: 8192.
 - virtual_space_node_default_size: 8388608.
 - enlarge_chunks_in_place: 1.
UseCompressedClassPointers 1, UseCompactObjectHeaders 0
Narrow klass pointer bits 32, Max shift 3
Narrow klass base: 0x0000000000000000, Narrow klass shift: 0
Encoding Range: [0x0000000000000000 - 0x0000000100000000), (4294967296 bytes)
Klass Range:    [0x000000000f000000 - 0x0000000029000000), (436207616 bytes)
Klass ID Range:  [251658240 - 687865849) (436207609)
No protection zone.


Internal statistics:

num_allocs_failed_limit: 9.
num_arena_births: 3848.
num_arena_deaths: 0.
num_vsnodes_births: 3.
num_vsnodes_deaths: 0.
num_space_committed: 1776.
num_space_uncommitted: 0.
num_chunks_returned_to_freelist: 9.
num_chunks_taken_from_freelist: 8297.
num_chunk_merges: 6.
num_chunk_splits: 5558.
num_chunks_enlarged: 3676.
num_inconsistent_stats: 0.

CodeHeap 'non-profiled nmethods': size=120064Kb used=4704Kb max_used=4704Kb free=115359Kb
 bounds [0x00000247a5eb0000, 0x00000247a6350000, 0x00000247ad3f0000]
CodeHeap 'profiled nmethods': size=120000Kb used=15111Kb max_used=15111Kb free=104888Kb
 bounds [0x000002479e3f0000, 0x000002479f2c0000, 0x00000247a5920000]
CodeHeap 'non-nmethods': size=5696Kb used=2032Kb max_used=2143Kb free=3663Kb
 bounds [0x00000247a5920000, 0x00000247a5b90000, 0x00000247a5eb0000]
CodeCache: size=245760Kb, used=21847Kb, max_used=21958Kb, free=223910Kb
 total_blobs=11532, nmethods=10636, adapters=798, full_count=0
Compilation: enabled, stopped_count=0, restarted_count=0

Compilation events (20 events):
Event: 37.200 Thread 0x00000247b2ea1900 12383       3       org.gradle.api.internal.provider.AbstractMinimalProvider::getProducer (4 bytes)
Event: 37.200 Thread 0x00000247b2ea1900 nmethod 12383 0x000002479f29ee88 code [0x000002479f29ef80, 0x000002479f29f0e8]
Event: 37.200 Thread 0x00000247b2ea1900 12384       3       java.util.ArrayDeque::grow (165 bytes)
Event: 37.201 Thread 0x00000247b2ea1900 nmethod 12384 0x000002479f29f188 code [0x000002479f29f280, 0x000002479f29f9e8]
Event: 37.201 Thread 0x00000247b2ea1900 12385       3       org.gradle.api.internal.tasks.DefaultTaskDependency::visitDependencies (744 bytes)
Event: 37.207 Thread 0x00000247b2ea1900 nmethod 12385 0x000002479f29fa08 code [0x000002479f29fb00, 0x000002479f2a80d8]
Event: 37.207 Thread 0x00000247b2ea1900 12386       3       org.gradle.api.internal.tasks.DefaultTaskDependency$TaskDependencySet::isEmpty (10 bytes)
Event: 37.207 Thread 0x00000247b2ea1900 nmethod 12386 0x000002479f2a8188 code [0x000002479f2a8280, 0x000002479f2a8450]
Event: 37.211 Thread 0x00000247b2ea1900 12387       3       jdk.proxy1.$Proxy31::<init> (6 bytes)
Event: 37.211 Thread 0x00000247b2ea1900 nmethod 12387 0x000002479f2a8488 code [0x000002479f2a8580, 0x000002479f2a88e0]
Event: 37.211 Thread 0x00000247b2ea1900 12388       3       org.gradle.internal.instantiation.generator.AbstractClassGenerator$$Lambda/0x000000000f4d61f0::test (12 bytes)
Event: 37.213 Thread 0x00000247b2ea1900 nmethod 12388 0x000002479f2a8908 code [0x000002479f2a8a00, 0x000002479f2a9dd8]
Event: 37.230 Thread 0x00000247b2ea1900 12389       3       java.util.HashMap$TreeNode::tieBreakOrder (49 bytes)
Event: 37.231 Thread 0x00000247b2ea1900 nmethod 12389 0x000002479f2a9e08 code [0x000002479f2a9f00, 0x000002479f2aa5d0]
Event: 37.231 Thread 0x00000247b2ea1900 12390       3       org.gradle.internal.instantiation.generator.AbstractClassGenerator$ManagedPropertiesHandler::hasFields (6 bytes)
Event: 37.231 Thread 0x00000247b2ea1900 nmethod 12390 0x000002479f2aa608 code [0x000002479f2aa700, 0x000002479f2aa810]
Event: 37.241 Thread 0x00000247b2ea1900 12391       3       java.lang.invoke.LambdaForm$Name::<init> (20 bytes)
Event: 37.242 Thread 0x00000247b2ea1900 nmethod 12391 0x000002479f2aa908 code [0x000002479f2aaa00, 0x000002479f2ab240]
Event: 37.242 Thread 0x00000247b2ea1900 12392       3       java.lang.invoke.LambdaForm$NamedFunction::returnType (11 bytes)
Event: 37.243 Thread 0x00000247b2ea1900 nmethod 12392 0x000002479f2ab288 code [0x000002479f2ab380, 0x000002479f2aba60]

GC Heap Usage History (20 events):
Event: 24.108 {heap Before GC invocations=36 (full 0):
 garbage-first heap   total reserved 2097152K, committed 132096K, used 114348K [0x0000000080000000, 0x0000000100000000)
  region size 1024K, 38 young (38912K), 5 survivors (5120K)
}
Event: 24.113 {heap After GC invocations=37 (full 0):
 garbage-first heap   total reserved 2097152K, committed 132096K, used 82139K [0x0000000080000000, 0x0000000100000000)
  region size 1024K, 3 young (3072K), 3 survivors (3072K)
}
Event: 25.684 {heap Before GC invocations=37 (full 0):
 garbage-first heap   total reserved 2097152K, committed 132096K, used 114907K [0x0000000080000000, 0x0000000100000000)
  region size 1024K, 35 young (35840K), 3 survivors (3072K)
}
Event: 25.687 {heap After GC invocations=38 (full 0):
 garbage-first heap   total reserved 2097152K, committed 132096K, used 83126K [0x0000000080000000, 0x0000000100000000)
  region size 1024K, 4 young (4096K), 4 survivors (4096K)
}
Event: 26.886 {heap Before GC invocations=39 (full 0):
 garbage-first heap   total reserved 2097152K, committed 142336K, used 116918K [0x0000000080000000, 0x0000000100000000)
  region size 1024K, 37 young (37888K), 4 survivors (4096K)
}
Event: 26.890 {heap After GC invocations=40 (full 0):
 garbage-first heap   total reserved 2097152K, committed 142336K, used 86031K [0x0000000080000000, 0x0000000100000000)
  region size 1024K, 5 young (5120K), 5 survivors (5120K)
}
Event: 27.807 {heap Before GC invocations=40 (full 0):
 garbage-first heap   total reserved 2097152K, committed 142336K, used 128015K [0x0000000080000000, 0x0000000100000000)
  region size 1024K, 43 young (44032K), 5 survivors (5120K)
}
Event: 27.811 {heap After GC invocations=41 (full 0):
 garbage-first heap   total reserved 2097152K, committed 142336K, used 90561K [0x0000000080000000, 0x0000000100000000)
  region size 1024K, 5 young (5120K), 5 survivors (5120K)
}
Event: 28.797 {heap Before GC invocations=41 (full 0):
 garbage-first heap   total reserved 2097152K, committed 142336K, used 128449K [0x0000000080000000, 0x0000000100000000)
  region size 1024K, 42 young (43008K), 5 survivors (5120K)
}
Event: 28.802 {heap After GC invocations=42 (full 0):
 garbage-first heap   total reserved 2097152K, committed 142336K, used 93890K [0x0000000080000000, 0x0000000100000000)
  region size 1024K, 5 young (5120K), 5 survivors (5120K)
}
Event: 30.308 {heap Before GC invocations=43 (full 0):
 garbage-first heap   total reserved 2097152K, committed 157696K, used 129730K [0x0000000080000000, 0x0000000100000000)
  region size 1024K, 40 young (40960K), 5 survivors (5120K)
}
Event: 30.313 {heap After GC invocations=44 (full 0):
 garbage-first heap   total reserved 2097152K, committed 157696K, used 95461K [0x0000000080000000, 0x0000000100000000)
  region size 1024K, 2 young (2048K), 2 survivors (2048K)
}
Event: 32.300 {heap Before GC invocations=44 (full 0):
 garbage-first heap   total reserved 2097152K, committed 157696K, used 142565K [0x0000000080000000, 0x0000000100000000)
  region size 1024K, 48 young (49152K), 2 survivors (2048K)
}
Event: 32.306 {heap After GC invocations=45 (full 0):
 garbage-first heap   total reserved 2097152K, committed 157696K, used 95943K [0x0000000080000000, 0x0000000100000000)
  region size 1024K, 3 young (3072K), 3 survivors (3072K)
}
Event: 34.520 {heap Before GC invocations=45 (full 0):
 garbage-first heap   total reserved 2097152K, committed 157696K, used 144071K [0x0000000080000000, 0x0000000100000000)
  region size 1024K, 50 young (51200K), 3 survivors (3072K)
}
Event: 34.524 {heap After GC invocations=46 (full 0):
 garbage-first heap   total reserved 2097152K, committed 157696K, used 97797K [0x0000000080000000, 0x0000000100000000)
  region size 1024K, 5 young (5120K), 5 survivors (5120K)
}
Event: 35.297 {heap Before GC invocations=47 (full 0):
 garbage-first heap   total reserved 2097152K, committed 165888K, used 144901K [0x0000000080000000, 0x0000000100000000)
  region size 1024K, 51 young (52224K), 5 survivors (5120K)
}
Event: 35.301 {heap After GC invocations=48 (full 0):
 garbage-first heap   total reserved 2097152K, committed 165888K, used 100021K [0x0000000080000000, 0x0000000100000000)
  region size 1024K, 6 young (6144K), 6 survivors (6144K)
}
Event: 36.160 {heap Before GC invocations=48 (full 0):
 garbage-first heap   total reserved 2097152K, committed 165888K, used 153269K [0x0000000080000000, 0x0000000100000000)
  region size 1024K, 58 young (59392K), 6 survivors (6144K)
}
Event: 36.166 {heap After GC invocations=49 (full 0):
 garbage-first heap   total reserved 2097152K, committed 165888K, used 101408K [0x0000000080000000, 0x0000000100000000)
  region size 1024K, 7 young (7168K), 7 survivors (7168K)
}

Metaspace Usage History (20 events):
Event: 24.108 {metaspace Before GC invocations=36 (full 0):
 Metaspace       used 82290K, committed 84096K, reserved 557056K
  class space    used 11869K, committed 12736K, reserved 425984K
}
Event: 24.113 {metaspace After GC invocations=37 (full 0):
 Metaspace       used 82290K, committed 84096K, reserved 557056K
  class space    used 11869K, committed 12736K, reserved 425984K
}
Event: 25.684 {metaspace Before GC invocations=37 (full 0):
 Metaspace       used 85740K, committed 87488K, reserved 557056K
  class space    used 12353K, committed 13184K, reserved 425984K
}
Event: 25.687 {metaspace After GC invocations=38 (full 0):
 Metaspace       used 85740K, committed 87488K, reserved 557056K
  class space    used 12353K, committed 13184K, reserved 425984K
}
Event: 26.886 {metaspace Before GC invocations=39 (full 0):
 Metaspace       used 88231K, committed 90048K, reserved 557056K
  class space    used 12731K, committed 13568K, reserved 425984K
}
Event: 26.890 {metaspace After GC invocations=40 (full 0):
 Metaspace       used 88231K, committed 90048K, reserved 557056K
  class space    used 12731K, committed 13568K, reserved 425984K
}
Event: 27.807 {metaspace Before GC invocations=40 (full 0):
 Metaspace       used 90478K, committed 92288K, reserved 557056K
  class space    used 13075K, committed 13952K, reserved 425984K
}
Event: 27.811 {metaspace After GC invocations=41 (full 0):
 Metaspace       used 90478K, committed 92288K, reserved 557056K
  class space    used 13075K, committed 13952K, reserved 425984K
}
Event: 28.797 {metaspace Before GC invocations=41 (full 0):
 Metaspace       used 92122K, committed 94016K, reserved 557056K
  class space    used 13298K, committed 14208K, reserved 425984K
}
Event: 28.802 {metaspace After GC invocations=42 (full 0):
 Metaspace       used 92122K, committed 94016K, reserved 557056K
  class space    used 13298K, committed 14208K, reserved 425984K
}
Event: 30.308 {metaspace Before GC invocations=43 (full 0):
 Metaspace       used 94573K, committed 96512K, reserved 557056K
  class space    used 13660K, committed 14592K, reserved 425984K
}
Event: 30.313 {metaspace After GC invocations=44 (full 0):
 Metaspace       used 94573K, committed 96512K, reserved 557056K
  class space    used 13660K, committed 14592K, reserved 425984K
}
Event: 32.300 {metaspace Before GC invocations=44 (full 0):
 Metaspace       used 97864K, committed 99840K, reserved 557056K
  class space    used 14223K, committed 15168K, reserved 425984K
}
Event: 32.306 {metaspace After GC invocations=45 (full 0):
 Metaspace       used 97864K, committed 99840K, reserved 557056K
  class space    used 14223K, committed 15168K, reserved 425984K
}
Event: 34.520 {metaspace Before GC invocations=45 (full 0):
 Metaspace       used 101080K, committed 103040K, reserved 557056K
  class space    used 14793K, committed 15744K, reserved 425984K
}
Event: 34.524 {metaspace After GC invocations=46 (full 0):
 Metaspace       used 101080K, committed 103040K, reserved 557056K
  class space    used 14793K, committed 15744K, reserved 425984K
}
Event: 35.297 {metaspace Before GC invocations=47 (full 0):
 Metaspace       used 104144K, committed 106112K, reserved 557056K
  class space    used 15299K, committed 16256K, reserved 425984K
}
Event: 35.301 {metaspace After GC invocations=48 (full 0):
 Metaspace       used 104144K, committed 106112K, reserved 557056K
  class space    used 15299K, committed 16256K, reserved 425984K
}
Event: 36.160 {metaspace Before GC invocations=48 (full 0):
 Metaspace       used 107728K, committed 109696K, reserved 557056K
  class space    used 15882K, committed 16832K, reserved 425984K
}
Event: 36.166 {metaspace After GC invocations=49 (full 0):
 Metaspace       used 107728K, committed 109696K, reserved 557056K
  class space    used 15882K, committed 16832K, reserved 425984K
}

Dll operation events (3 events):
Event: 0.007 Loaded shared library D:\Android Studio\jbr\bin\java.dll
Event: 0.012 Loaded shared library D:\Android Studio\jbr\bin\zip.dll
Event: 0.420 Loaded shared library D:\Android Studio\jbr\bin\verify.dll

Deoptimization events (20 events):
Event: 36.437 Thread 0x00000247ba095930 DEOPT PACKING pc=0x00000247a62aaf48 sp=0x000000a3de0f8b80
Event: 36.437 Thread 0x00000247ba095930 DEOPT UNPACKING pc=0x00000247a5a38a02 sp=0x000000a3de0f8b00 mode 2
Event: 36.476 Thread 0x00000247ba095930 DEOPT PACKING pc=0x000002479f1cbbe4 sp=0x000000a3de0f6030
Event: 36.476 Thread 0x00000247ba095930 DEOPT UNPACKING pc=0x00000247a5971702 sp=0x000000a3de0f5518 mode 0
Event: 36.769 Thread 0x00000247ba095930 DEOPT PACKING pc=0x000002479f161d1f sp=0x000000a3de0f8b00
Event: 36.769 Thread 0x00000247ba095930 DEOPT UNPACKING pc=0x00000247a5971702 sp=0x000000a3de0f8108 mode 0
Event: 36.862 Thread 0x00000247ba095930 DEOPT PACKING pc=0x000002479f16225f sp=0x000000a3de0f8b00
Event: 36.862 Thread 0x00000247ba095930 DEOPT UNPACKING pc=0x00000247a5971702 sp=0x000000a3de0f8108 mode 0
Event: 37.071 Thread 0x00000247ba095930 DEOPT PACKING pc=0x000002479f161d1f sp=0x000000a3de0f89e0
Event: 37.071 Thread 0x00000247ba095930 DEOPT UNPACKING pc=0x00000247a5971702 sp=0x000000a3de0f7fe8 mode 0
Event: 37.149 Thread 0x00000247ba095930 DEOPT PACKING pc=0x000002479f161d1f sp=0x000000a3de0f89e0
Event: 37.149 Thread 0x00000247ba095930 DEOPT UNPACKING pc=0x00000247a5971702 sp=0x000000a3de0f7fe8 mode 0
Event: 37.227 Thread 0x00000247ba095930 Uncommon trap: trap_request=0xffffffde fr.pc=0x00000247a630c874 relative=0x00000000000002f4
Event: 37.227 Thread 0x00000247ba095930 Uncommon trap: reason=class_check action=maybe_recompile pc=0x00000247a630c874 method=com.google.common.collect.ComparatorOrdering.compare(Ljava/lang/Object;Ljava/lang/Object;)I @ 6 c2
Event: 37.227 Thread 0x00000247ba095930 DEOPT PACKING pc=0x00000247a630c874 sp=0x000000a3de0f82e0
Event: 37.227 Thread 0x00000247ba095930 DEOPT UNPACKING pc=0x00000247a5a38a02 sp=0x000000a3de0f8258 mode 2
Event: 37.227 Thread 0x00000247ba095930 Uncommon trap: trap_request=0xffffffde fr.pc=0x00000247a630c874 relative=0x00000000000002f4
Event: 37.227 Thread 0x00000247ba095930 Uncommon trap: reason=class_check action=maybe_recompile pc=0x00000247a630c874 method=com.google.common.collect.ComparatorOrdering.compare(Ljava/lang/Object;Ljava/lang/Object;)I @ 6 c2
Event: 37.227 Thread 0x00000247ba095930 DEOPT PACKING pc=0x00000247a630c874 sp=0x000000a3de0f82e0
Event: 37.227 Thread 0x00000247ba095930 DEOPT UNPACKING pc=0x00000247a5a38a02 sp=0x000000a3de0f8258 mode 2

Classes loaded (20 events):
Event: 36.587 Loading class java/net/InetAddress$Addresses done
Event: 36.587 Loading class java/net/InetAddress$NameServiceAddresses done
Event: 36.587 Loading class java/net/spi/InetAddressResolverProvider
Event: 36.587 Loading class java/net/spi/InetAddressResolverProvider done
Event: 36.598 Loading class sun/net/InetAddressCachePolicy
Event: 36.598 Loading class sun/net/InetAddressCachePolicy done
Event: 36.598 Loading class java/net/InetAddress$CachedLookup
Event: 36.598 Loading class java/net/InetAddress$CachedLookup done
Event: 36.599 Loading class java/net/InetAddress$CachedLocalHost
Event: 36.599 Loading class java/net/InetAddress$CachedLocalHost done
Event: 36.693 Loading class java/util/stream/ReferencePipeline$4
Event: 36.694 Loading class java/util/stream/IntPipeline$StatelessOp
Event: 36.694 Loading class java/util/stream/IntPipeline$StatelessOp done
Event: 36.694 Loading class java/util/stream/ReferencePipeline$4 done
Event: 36.694 Loading class java/util/stream/ReduceOps$6
Event: 36.694 Loading class java/util/stream/ReduceOps$6 done
Event: 36.694 Loading class java/util/stream/ReduceOps$5ReducingSink
Event: 36.694 Loading class java/util/stream/ReduceOps$5ReducingSink done
Event: 36.694 Loading class java/util/stream/ReferencePipeline$4$1
Event: 36.694 Loading class java/util/stream/ReferencePipeline$4$1 done

Classes unloaded (0 events):
No events

Classes redefined (0 events):
No events

Internal exceptions (20 events):
Event: 37.115 Thread 0x00000247ba095930 Exception <a 'sun/nio/fs/WindowsException'{0x00000000872011a0}> (0x00000000872011a0) 
thrown [s\src\hotspot\share\prims\jni.cpp, line 535]
Event: 37.116 Thread 0x00000247ba095930 Exception <a 'sun/nio/fs/WindowsException'{0x0000000087212fb0}> (0x0000000087212fb0) 
thrown [s\src\hotspot\share\prims\jni.cpp, line 535]
Event: 37.117 Thread 0x00000247ba095930 Exception <a 'sun/nio/fs/WindowsException'{0x000000008721f888}> (0x000000008721f888) 
thrown [s\src\hotspot\share\prims\jni.cpp, line 535]
Event: 37.120 Thread 0x00000247ba095930 Exception <a 'sun/nio/fs/WindowsException'{0x000000008722e000}> (0x000000008722e000) 
thrown [s\src\hotspot\share\prims\jni.cpp, line 535]
Event: 37.122 Thread 0x00000247ba095930 Exception <a 'sun/nio/fs/WindowsException'{0x000000008723b5e8}> (0x000000008723b5e8) 
thrown [s\src\hotspot\share\prims\jni.cpp, line 535]
Event: 37.125 Thread 0x00000247ba095930 Exception <a 'sun/nio/fs/WindowsException'{0x0000000087246d10}> (0x0000000087246d10) 
thrown [s\src\hotspot\share\prims\jni.cpp, line 535]
Event: 37.128 Thread 0x00000247ba095930 Exception <a 'sun/nio/fs/WindowsException'{0x0000000087258328}> (0x0000000087258328) 
thrown [s\src\hotspot\share\prims\jni.cpp, line 535]
Event: 37.130 Thread 0x00000247ba095930 Exception <a 'sun/nio/fs/WindowsException'{0x00000000872655e0}> (0x00000000872655e0) 
thrown [s\src\hotspot\share\prims\jni.cpp, line 535]
Event: 37.131 Thread 0x00000247ba095930 Exception <a 'sun/nio/fs/WindowsException'{0x0000000087272760}> (0x0000000087272760) 
thrown [s\src\hotspot\share\prims\jni.cpp, line 535]
Event: 37.142 Thread 0x00000247ba095930 Exception <a 'sun/nio/fs/WindowsException'{0x0000000087117008}> (0x0000000087117008) 
thrown [s\src\hotspot\share\prims\jni.cpp, line 535]
Event: 37.154 Thread 0x00000247ba095930 Exception <a 'sun/nio/fs/WindowsException'{0x00000000871c6378}> (0x00000000871c6378) 
thrown [s\src\hotspot\share\prims\jni.cpp, line 535]
Event: 37.158 Thread 0x00000247ba095930 Exception <a 'sun/nio/fs/WindowsException'{0x00000000871d3bf0}> (0x00000000871d3bf0) 
thrown [s\src\hotspot\share\prims\jni.cpp, line 535]
Event: 37.160 Thread 0x00000247ba095930 Exception <a 'sun/nio/fs/WindowsException'{0x00000000871e0a40}> (0x00000000871e0a40) 
thrown [s\src\hotspot\share\prims\jni.cpp, line 535]
Event: 37.163 Thread 0x00000247ba095930 Exception <a 'sun/nio/fs/WindowsException'{0x00000000871f0518}> (0x00000000871f0518) 
thrown [s\src\hotspot\share\prims\jni.cpp, line 535]
Event: 37.174 Thread 0x00000247ba095930 Exception <a 'sun/nio/fs/WindowsException'{0x000000008702c600}> (0x000000008702c600) 
thrown [s\src\hotspot\share\prims\jni.cpp, line 535]
Event: 37.176 Thread 0x00000247ba095930 Exception <a 'sun/nio/fs/WindowsException'{0x00000000870391c0}> (0x00000000870391c0) 
thrown [s\src\hotspot\share\prims\jni.cpp, line 535]
Event: 37.186 Thread 0x00000247ba095930 Exception <a 'sun/nio/fs/WindowsException'{0x00000000870e5500}> (0x00000000870e5500) 
thrown [s\src\hotspot\share\prims\jni.cpp, line 535]
Event: 37.187 Thread 0x00000247ba095930 Exception <a 'sun/nio/fs/WindowsException'{0x00000000870f1cc0}> (0x00000000870f1cc0) 
thrown [s\src\hotspot\share\prims\jni.cpp, line 535]
Event: 37.191 Thread 0x00000247ba095930 Exception <a 'sun/nio/fs/WindowsException'{0x0000000086f07408}> (0x0000000086f07408) 
thrown [s\src\hotspot\share\prims\jni.cpp, line 535]
Event: 37.196 Thread 0x00000247ba095930 Exception <a 'sun/nio/fs/WindowsException'{0x0000000086f25cd0}> (0x0000000086f25cd0) 
thrown [s\src\hotspot\share\prims\jni.cpp, line 535]

VM Operations (20 events):
Event: 34.520 Executing safepoint VM operation: G1CollectForAllocation (G1 Evacuation Pause)
Event: 34.524 Executing safepoint VM operation: G1CollectForAllocation (G1 Evacuation Pause) done
Event: 34.560 Executing safepoint VM operation: G1PauseRemark
Event: 34.564 Executing safepoint VM operation: G1PauseRemark done
Event: 34.578 Executing safepoint VM operation: G1PauseCleanup
Event: 34.578 Executing safepoint VM operation: G1PauseCleanup done
Event: 35.175 Executing non-safepoint VM operation: HandshakeAllThreads (Deoptimize)
Event: 35.175 Executing non-safepoint VM operation: HandshakeAllThreads (Deoptimize) done
Event: 35.297 Executing safepoint VM operation: G1CollectForAllocation (G1 Evacuation Pause)
Event: 35.301 Executing safepoint VM operation: G1CollectForAllocation (G1 Evacuation Pause) done
Event: 35.909 Executing non-safepoint VM operation: HandshakeAllThreads (Deoptimize)
Event: 35.909 Executing non-safepoint VM operation: HandshakeAllThreads (Deoptimize) done
Event: 36.050 Executing non-safepoint VM operation: HandshakeAllThreads (Deoptimize)
Event: 36.050 Executing non-safepoint VM operation: HandshakeAllThreads (Deoptimize) done
Event: 36.160 Executing safepoint VM operation: G1CollectForAllocation (G1 Evacuation Pause)
Event: 36.166 Executing safepoint VM operation: G1CollectForAllocation (G1 Evacuation Pause) done
Event: 36.368 Executing non-safepoint VM operation: HandshakeAllThreads (Deoptimize)
Event: 36.369 Executing non-safepoint VM operation: HandshakeAllThreads (Deoptimize) done
Event: 36.433 Executing non-safepoint VM operation: HandshakeAllThreads (Deoptimize)
Event: 36.433 Executing non-safepoint VM operation: HandshakeAllThreads (Deoptimize) done

Memory protections (0 events):
No events

Nmethod flushes (20 events):
Event: 34.563 Thread 0x00000247b2e5e2f0 flushing  nmethod 0x000002479ebdf188
Event: 34.563 Thread 0x00000247b2e5e2f0 flushing  nmethod 0x000002479ed17488
Event: 34.563 Thread 0x00000247b2e5e2f0 flushing  nmethod 0x000002479ed9b388
Event: 34.563 Thread 0x00000247b2e5e2f0 flushing  nmethod 0x000002479edd1588
Event: 34.563 Thread 0x00000247b2e5e2f0 flushing  nmethod 0x000002479edd1c08
Event: 34.563 Thread 0x00000247b2e5e2f0 flushing  nmethod 0x000002479efe5708
Event: 34.563 Thread 0x00000247b2e5e2f0 flushing  nmethod 0x00000247a60af788
Event: 34.563 Thread 0x00000247b2e5e2f0 flushing  nmethod 0x00000247a619cf08
Event: 34.563 Thread 0x00000247b2e5e2f0 flushing  nmethod 0x000002479e3f7308
Event: 34.563 Thread 0x00000247b2e5e2f0 flushing  nmethod 0x000002479e4b4908
Event: 34.563 Thread 0x00000247b2e5e2f0 flushing  nmethod 0x000002479e518608
Event: 34.563 Thread 0x00000247b2e5e2f0 flushing  nmethod 0x000002479e5ab508
Event: 34.563 Thread 0x00000247b2e5e2f0 flushing  nmethod 0x000002479e5ab888
Event: 34.563 Thread 0x00000247b2e5e2f0 flushing  nmethod 0x000002479e5d6388
Event: 34.563 Thread 0x00000247b2e5e2f0 flushing  nmethod 0x000002479e6c4588
Event: 34.563 Thread 0x00000247b2e5e2f0 flushing  nmethod 0x000002479e6c4d88
Event: 34.563 Thread 0x00000247b2e5e2f0 flushing  nmethod 0x000002479e994188
Event: 34.563 Thread 0x00000247b2e5e2f0 flushing  nmethod 0x000002479ea6d688
Event: 34.563 Thread 0x00000247b2e5e2f0 flushing  nmethod 0x000002479ec87488
Event: 34.563 Thread 0x00000247b2e5e2f0 flushing  nmethod 0x000002479ed68f08

Events (20 events):
Event: 2.566 Thread 0x00000247ba095930 Thread added: 0x00000247ba575940
Event: 2.692 Thread 0x00000247ba095930 Thread added: 0x00000247bba18050
Event: 2.695 Thread 0x00000247ba095930 Thread added: 0x00000247bba149a0
Event: 2.785 Thread 0x00000247ba095930 Thread added: 0x00000247bba15170
Event: 2.864 Thread 0x00000247ba095930 Thread added: 0x00000247bba170b0
Event: 3.115 Thread 0x00000247ba095930 Thread added: 0x00000247bba141d0
Event: 3.168 Thread 0x00000247ba095930 Thread added: 0x00000247bba12290
Event: 4.047 Thread 0x00000247b2e96e60 Thread added: 0x00000247ba3666f0
Event: 5.214 Thread 0x00000247ba095930 Thread added: 0x00000247bbada120
Event: 5.250 Thread 0x00000247ba095930 Thread added: 0x00000247bbadb0c0
Event: 5.647 Thread 0x00000247ba3666f0 Thread exited: 0x00000247ba3666f0
Event: 13.932 Thread 0x00000247ba095930 Thread added: 0x00000247bbade770
Event: 15.898 Thread 0x00000247ba095930 Thread added: 0x00000247bbad81e0
Event: 23.040 Thread 0x00000247b2ea1900 Thread added: 0x00000247bb4a25c0
Event: 23.319 Thread 0x00000247bb4a25c0 Thread exited: 0x00000247bb4a25c0
Event: 23.825 Thread 0x00000247b2e96e60 Thread added: 0x00000247bb4a25c0
Event: 25.145 Thread 0x00000247bb4a25c0 Thread exited: 0x00000247bb4a25c0
Event: 25.942 Thread 0x00000247ba095930 Thread added: 0x00000247bcbaffc0
Event: 34.479 Thread 0x00000247b2ea1900 Thread added: 0x00000247bb49f560
Event: 34.594 Thread 0x00000247bb49f560 Thread exited: 0x00000247bb49f560


Dynamic libraries:
0x00007ff618660000 - 0x00007ff61866a000 	D:\Android Studio\jbr\bin\java.exe
0x00007ffd1aa90000 - 0x00007ffd1ac88000 	C:\Windows\SYSTEM32\ntdll.dll
0x00007ffd199e0000 - 0x00007ffd19aa2000 	C:\Windows\System32\KERNEL32.DLL
0x00007ffd18550000 - 0x00007ffd18846000 	C:\Windows\System32\KERNELBASE.dll
0x00007ffd18130000 - 0x00007ffd18230000 	C:\Windows\System32\ucrtbase.dll
0x00007ffce9740000 - 0x00007ffce9756000 	D:\Android Studio\jbr\bin\jli.dll
0x00007ffc97b00000 - 0x00007ffc97b1b000 	D:\Android Studio\jbr\bin\VCRUNTIME140.dll
0x00007ffd195a0000 - 0x00007ffd1973d000 	C:\Windows\System32\USER32.dll
0x00007ffd18850000 - 0x00007ffd18872000 	C:\Windows\System32\win32u.dll
0x00007ffcfa300000 - 0x00007ffcfa59b000 	C:\Windows\WinSxS\amd64_microsoft.windows.common-controls_6595b64144ccf1df_6.0.19041.6280_none_60bc30a171f2f3f3\COMCTL32.dll
0x00007ffd19bd0000 - 0x00007ffd19bfb000 	C:\Windows\System32\GDI32.dll
0x00007ffd1a7b0000 - 0x00007ffd1a84e000 	C:\Windows\System32\msvcrt.dll
0x00007ffd18390000 - 0x00007ffd184a9000 	C:\Windows\System32\gdi32full.dll
0x00007ffd184b0000 - 0x00007ffd1854d000 	C:\Windows\System32\msvcp_win.dll
0x00007ffd1a0f0000 - 0x00007ffd1a11f000 	C:\Windows\System32\IMM32.DLL
0x00007ffd0efe0000 - 0x00007ffd0efec000 	D:\Android Studio\jbr\bin\vcruntime140_1.dll
0x00007ffc97860000 - 0x00007ffc978ed000 	D:\Android Studio\jbr\bin\msvcp140.dll
0x00007ffc97b20000 - 0x00007ffc989fa000 	D:\Android Studio\jbr\bin\server\jvm.dll
0x00007ffd1a620000 - 0x00007ffd1a6d1000 	C:\Windows\System32\ADVAPI32.dll
0x00007ffd1a190000 - 0x00007ffd1a22f000 	C:\Windows\System32\sechost.dll
0x00007ffd1a930000 - 0x00007ffd1aa50000 	C:\Windows\System32\RPCRT4.dll
0x00007ffd18230000 - 0x00007ffd18257000 	C:\Windows\System32\bcrypt.dll
0x00007ffd1a6e0000 - 0x00007ffd1a74b000 	C:\Windows\System32\WS2_32.dll
0x00007ffd17ee0000 - 0x00007ffd17f2b000 	C:\Windows\SYSTEM32\POWRPROF.dll
0x00007ffd07370000 - 0x00007ffd0737a000 	C:\Windows\SYSTEM32\VERSION.dll
0x00007ffd0f5a0000 - 0x00007ffd0f5c7000 	C:\Windows\SYSTEM32\WINMM.dll
0x00007ffd17ec0000 - 0x00007ffd17ed2000 	C:\Windows\SYSTEM32\UMPDC.dll
0x00007ffd16910000 - 0x00007ffd16922000 	C:\Windows\SYSTEM32\kernel.appcore.dll
0x00007ffcf81a0000 - 0x00007ffcf81aa000 	D:\Android Studio\jbr\bin\jimage.dll
0x00007ffd16620000 - 0x00007ffd16821000 	C:\Windows\SYSTEM32\DBGHELP.DLL
0x00007ffcf5170000 - 0x00007ffcf51a4000 	C:\Windows\SYSTEM32\dbgcore.DLL
0x00007ffd188d0000 - 0x00007ffd18952000 	C:\Windows\System32\bcryptPrimitives.dll
0x00007ffcf9230000 - 0x00007ffcf923e000 	D:\Android Studio\jbr\bin\instrument.dll
0x00007ffc97ae0000 - 0x00007ffc97aff000 	D:\Android Studio\jbr\bin\java.dll
0x00007ffd192b0000 - 0x00007ffd193db000 	C:\Windows\System32\ole32.dll
0x00007ffd1a2c0000 - 0x00007ffd1a613000 	C:\Windows\System32\combase.dll
0x00007ffd18b40000 - 0x00007ffd192b0000 	C:\Windows\System32\SHELL32.dll
0x00007ffc97ac0000 - 0x00007ffc97ad7000 	D:\Android Studio\jbr\bin\zip.dll
0x00007ffd15e70000 - 0x00007ffd16615000 	C:\Windows\SYSTEM32\windows.storage.dll
0x00007ffd179b0000 - 0x00007ffd179db000 	C:\Windows\SYSTEM32\Wldp.dll
0x00007ffd19800000 - 0x00007ffd198cd000 	C:\Windows\System32\OLEAUT32.dll
0x00007ffd19750000 - 0x00007ffd197fd000 	C:\Windows\System32\SHCORE.dll
0x00007ffd1a750000 - 0x00007ffd1a7ab000 	C:\Windows\System32\shlwapi.dll
0x00007ffd18060000 - 0x00007ffd18084000 	C:\Windows\SYSTEM32\profapi.dll
0x00007ffc97ab0000 - 0x00007ffc97ac0000 	D:\Android Studio\jbr\bin\net.dll
0x00007ffd17790000 - 0x00007ffd177fa000 	C:\Windows\system32\mswsock.dll
0x00007ffc97a90000 - 0x00007ffc97aa6000 	D:\Android Studio\jbr\bin\nio.dll
0x00007ffc97a80000 - 0x00007ffc97a90000 	D:\Android Studio\jbr\bin\verify.dll
0x00007ffd0ba70000 - 0x00007ffd0ba97000 	C:\Users\Admin\.gradle\native\660c5614fbf4a5f2a75b1949f50a0caf5cd603558e7d8a26e50b933a0cfb79d1\windows-amd64\native-platform.dll
0x00007ffccbe40000 - 0x00007ffccbeb7000 	C:\Users\Admin\.gradle\native\0.2.8\x86_64-windows-gnu\gradle-fileevents.dll
0x00007ffc974b0000 - 0x00007ffc974b9000 	D:\Android Studio\jbr\bin\management.dll
0x00007ffc974a0000 - 0x00007ffc974ab000 	D:\Android Studio\jbr\bin\management_ext.dll
0x00007ffd193e0000 - 0x00007ffd193e8000 	C:\Windows\System32\PSAPI.DLL
0x00007ffd17490000 - 0x00007ffd174cb000 	C:\Windows\SYSTEM32\IPHLPAPI.DLL
0x00007ffd1a180000 - 0x00007ffd1a188000 	C:\Windows\System32\NSI.dll
0x00007ffc97510000 - 0x00007ffc97519000 	D:\Android Studio\jbr\bin\extnet.dll
0x00007ffd179f0000 - 0x00007ffd17a08000 	C:\Windows\SYSTEM32\CRYPTSP.dll
0x00007ffd170d0000 - 0x00007ffd17108000 	C:\Windows\system32\rsaenh.dll
0x00007ffd17fe0000 - 0x00007ffd1800e000 	C:\Windows\SYSTEM32\USERENV.dll
0x00007ffd17920000 - 0x00007ffd1792c000 	C:\Windows\SYSTEM32\CRYPTBASE.dll
0x00007ffcf46c0000 - 0x00007ffcf46c7000 	C:\Windows\system32\wshunix.dll
0x00007ffce8940000 - 0x00007ffce8957000 	C:\Windows\system32\napinsp.dll
0x00007ffce8920000 - 0x00007ffce893b000 	C:\Windows\system32\pnrpnsp.dll
0x00007ffd11bf0000 - 0x00007ffd11c0d000 	C:\Windows\system32\wshbth.dll
0x00007ffd11790000 - 0x00007ffd117ad000 	C:\Windows\system32\NLAapi.dll
0x00007ffd174e0000 - 0x00007ffd175aa000 	C:\Windows\SYSTEM32\DNSAPI.dll
0x00007ffce8900000 - 0x00007ffce8912000 	C:\Windows\System32\winrnr.dll
0x00007ffd0d810000 - 0x00007ffd0d81a000 	C:\Windows\System32\rasadhlp.dll
0x00007ffd0abf0000 - 0x00007ffd0ac70000 	C:\Windows\System32\fwpuclnt.dll

JVMTI agents:
C:\Users\Admin\.gradle\wrapper\dists\gradle-9.5.0-bin\bvnork1r7n8i6kp5cnkibsc9q\gradle-9.5.0\lib\agents\gradle-instrumentation-agent-9.5.0.jar path:D:\Android Studio\jbr\bin\instrument.dll, loaded, initialized, instrumentlib options:none

dbghelp: loaded successfully - version: 4.0.5 - missing functions: none
symbol engine: initialized successfully - sym options: 0x614 - pdb path: .;D:\Android Studio\jbr\bin;C:\Windows\SYSTEM32;C:\Windows\WinSxS\amd64_microsoft.windows.common-controls_6595b64144ccf1df_6.0.19041.6280_none_60bc30a171f2f3f3;D:\Android Studio\jbr\bin\server;C:\Users\Admin\.gradle\native\660c5614fbf4a5f2a75b1949f50a0caf5cd603558e7d8a26e50b933a0cfb79d1\windows-amd64;C:\Users\Admin\.gradle\native\0.2.8\x86_64-windows-gnu

VM Arguments:
jvm_args: --add-opens=java.base/java.lang=ALL-UNNAMED --add-opens=java.base/java.lang.invoke=ALL-UNNAMED --add-opens=java.base/java.util=ALL-UNNAMED --add-opens=java.prefs/java.util.prefs=ALL-UNNAMED --add-exports=jdk.compiler/com.sun.tools.javac.api=ALL-UNNAMED --add-exports=jdk.compiler/com.sun.tools.javac.util=ALL-UNNAMED --add-opens=java.base/java.nio.charset=ALL-UNNAMED --add-opens=java.base/java.net=ALL-UNNAMED --add-opens=java.base/java.util.concurrent=ALL-UNNAMED --add-opens=java.base/java.util.concurrent.atomic=ALL-UNNAMED --add-opens=java.xml/javax.xml.namespace=ALL-UNNAMED --add-opens=java.base/java.time=ALL-UNNAMED --enable-native-access=ALL-UNNAMED -XX:+UseG1GC -XX:MaxMetaspaceSize=512m -Xmx2048m -Dfile.encoding=UTF-8 -Duser.country=US -Duser.language=en -Duser.variant -javaagent:C:\Users\Admin\.gradle\wrapper\dists\gradle-9.5.0-bin\bvnork1r7n8i6kp5cnkibsc9q\gradle-9.5.0\lib\agents\gradle-instrumentation-agent-9.5.0.jar 
java_command: org.gradle.launcher.daemon.bootstrap.GradleDaemon 9.5.0
java_class_path (initial): C:\Users\Admin\.gradle\wrapper\dists\gradle-9.5.0-bin\bvnork1r7n8i6kp5cnkibsc9q\gradle-9.5.0\lib\gradle-daemon-main-9.5.0.jar
Launcher Type: SUN_STANDARD

[Global flags]
     intx CICompilerCount                          = 4                                         {product} {ergonomic}
   size_t CompressedClassSpaceSize                 = 436207616                                 {product} {ergonomic}
     uint ConcGCThreads                            = 3                                         {product} {ergonomic}
     uint G1ConcRefinementThreads                  = 10                                        {product} {ergonomic}
   size_t G1HeapRegionSize                         = 1048576                                   {product} {ergonomic}
   size_t InitialHeapSize                          = 130023424                                 {product} {ergonomic}
   size_t MarkStackSize                            = 4194304                                   {product} {ergonomic}
   size_t MarkStackSizeMax                         = 536870912                                 {product} {ergonomic}
   size_t MaxHeapSize                              = 2147483648                                {product} {command line}
   size_t MaxMetaspaceSize                         = 536870912                                 {product} {command line}
   size_t MaxNewSize                               = 1287651328                                {product} {ergonomic}
   size_t MinHeapDeltaBytes                        = 1048576                                   {product} {ergonomic}
   size_t MinHeapSize                              = 8388608                                   {product} {ergonomic}
    uintx NonNMethodCodeHeapSize                   = 5832704                                {pd product} {ergonomic}
    uintx NonProfiledCodeHeapSize                  = 122945536                              {pd product} {ergonomic}
    uintx ProfiledCodeHeapSize                     = 122880000                              {pd product} {ergonomic}
    uintx ReservedCodeCacheSize                    = 251658240                              {pd product} {ergonomic}
     bool SegmentedCodeCache                       = true                                      {product} {ergonomic}
   size_t SoftMaxHeapSize                          = 2147483648                             {manageable} {ergonomic}
     bool UseCompressedOops                        = true                           {product lp64_product} {ergonomic}
     bool UseG1GC                                  = true                                      {product} {command line}
     bool UseLargePagesIndividualAllocation        = false                                  {pd product} {ergonomic}

Logging:
Log output configuration:
 #0: stdout all=warning uptime,level,tags foldmultilines=false
 #1: stderr all=off uptime,level,tags foldmultilines=false

Release file:
JAVA_VERSION="25.0.2" 
MODULES="java.base java.compiler java.datatransfer java.xml java.prefs java.desktop java.instrument java.logging java.management java.security.sasl java.naming java.rmi java.management.rmi java.net.http java.scripting java.security.jgss java.transaction.xa java.sql java.sql.rowset java.xml.crypto java.se java.smartcardio jdk.accessibility jdk.internal.jvmstat jdk.attach jdk.charsets jdk.internal.opt jdk.zipfs jdk.compiler jdk.crypto.cryptoki jdk.crypto.ec jdk.dynalink jdk.hotspot.agent jdk.httpserver jdk.internal.ed jdk.internal.le jdk.internal.md jdk.internal.vm.ci jdk.jartool jdk.javadoc jdk.jcmd jdk.jdeps jdk.jdwp.agent jdk.jdi jdk.jfr jdk.jlink jdk.localedata jdk.management jdk.management.agent jdk.management.jfr jdk.naming.dns jdk.naming.rmi jdk.net jdk.sctp jdk.security.auth jdk.security.jgss jdk.unsupported jdk.unsupported.desktop jdk.xml.dom" 
IMPLEMENTOR="JetBrains s.r.o." 
JAVA_RUNTIME_VERSION="25.0.2+-15348964-b329.117" 
LIBC="default" 
OS_ARCH="x86_64" 
OS_NAME="Windows" 
SOURCE=".:git:3cf398e84a39" 

Environment Variables:
JAVA_HOME=D:\Android Studio\jbr
PATH=C:/Users/Admin/.gemini/antigravity/bin;C:\Users\Admin\AppData\Roaming\Antigravity\bin;C:\Windows\system32;C:\Windows;C:\Windows\System32\Wbem;C:\Windows\System32\WindowsPowerShell\v1.0\;C:\Windows\System32\OpenSSH\;C:\Program Files\nodejs\;C:\ProgramData\chocolatey\bin;C:\Program Files\nodejs\;C:\Program Files\Git\cmd;D:\flutter\bin;C:\Program Files\Microsoft SQL Server\Client SDK\ODBC\170\Tools\Binn\;C:\Program Files\Docker\Docker\resources\bin;C:\Program Files\GitHub CLI\;c:\Users\Admin\AppData\Local\Programs\cursor\resources\app\codeBin;C:\Users\Admin\AppData\Local\Microsoft\WindowsApps;C:\Users\Admin\AppData\Roaming\npm;C:\Program Files\nodejs\;C:\Users\Admin\AppData\Local\Programs\Antigravity\bin;D:\flutter\bin;D:\Microsoft VS Code\Microsoft VS Code\bin;D:\Antigravity\Antigravity\bin;C:\Users\Admin\AppData\Local\Programs\Ollama
USERNAME=Tran Van Phuong
OS=Windows_NT
PROCESSOR_IDENTIFIER=Intel64 Family 6 Model 186 Stepping 3, GenuineIntel
TMP=C:\Users\Admin\AppData\Local\Temp
TEMP=C:\Users\Admin\AppData\Local\Temp




Compilation memory statistics disabled.

Periodic native trim disabled

JNI global refs:
JNI global refs: 23, weak refs: 7

JNI global refs memory usage: 835, weak refs: 833

Process memory usage:
Resident Set Size: 417120K (5% of 8023820K total physical memory with 398360K free physical memory)

OOME stack traces (most recent first):
Classloader memory used:
Loader org.gradle.internal.classloader.VisitableURLClassLoader                         : 42290 K
Loader org.gradle.internal.classloader.VisitableURLClassLoader$InstrumentingVisitableURLClassLoader: 30083 K
Loader bootstrap                                                                       : 27998 K
Loader org.gradle.initialization.MixInLegacyTypesClassLoader                           : 10763 K
Loader org.gradle.internal.classloader.VisitableURLClassLoader                         : 288 K
Loader jdk.internal.loader.ClassLoaders$AppClassLoader                                 : 185 K
Loader jdk.internal.loader.ClassLoaders$PlatformClassLoader                            : 137 K

Classes loaded by more than one classloader:
Class Program                                                                         : loaded 5 times (x 74B)
Class Build_gradle                                                                    : loaded 3 times (x 128B)
Class com.google.common.collect.RegularImmutableMap$KeySet                            : loaded 2 times (x 152B)
Class org.gradle.internal.classloader.FilteringClassLoader                            : loaded 2 times (x 106B)
Class [Lcom.google.common.base.AbstractIterator$State;                                : loaded 2 times (x 71B)
Class com.google.common.base.CharMatcher$IsEither                                     : loaded 2 times (x 113B)
Class org.gradle.internal.classloader.ClassLoaderHierarchy                            : loaded 2 times (x 72B)
Class com.google.common.collect.ImmutableEnumSet                                      : loaded 2 times (x 148B)
Class com.google.common.util.concurrent.ExecutionError                                : loaded 2 times (x 84B)
Class com.google.common.collect.ImmutableList$1                                       : loaded 2 times (x 99B)
Class com.google.common.collect.RegularImmutableMap                                   : loaded 2 times (x 122B)
Class com.google.common.collect.ImmutableMap$MapViewOfValuesAsSingletonSets           : loaded 2 times (x 127B)
Class [Lorg.objectweb.asm.Symbol;                                                     : loaded 2 times (x 71B)
Class org.objectweb.asm.ClassVisitor                                                  : loaded 2 times (x 90B)
Class com.google.common.collect.UnmodifiableListIterator                              : loaded 2 times (x 97B)
Class org.objectweb.asm.MethodTooLargeException                                       : loaded 2 times (x 84B)
Class [Lcom.google.common.cache.CacheBuilder$OneWeigher;                              : loaded 2 times (x 71B)
Class com.google.common.base.Suppliers                                                : loaded 2 times (x 73B)
Class com.google.common.base.Platform$JdkPatternCompiler                              : loaded 2 times (x 77B)
Class org.gradle.internal.classloader.DefaultClassLoaderFactory                       : loaded 2 times (x 84B)
Class com.google.common.base.CharMatcher$None                                         : loaded 2 times (x 114B)
Class [Lcom.google.common.collect.ImmutableMapEntry;                                  : loaded 2 times (x 71B)
Class com.google.common.collect.ImmutableRangeSet                                     : loaded 2 times (x 117B)
Class com.google.common.collect.ImmutableEnumMap                                      : loaded 2 times (x 127B)
Class com.google.common.collect.ListMultimap                                          : loaded 2 times (x 72B)
Class com.google.common.collect.Sets$1                                                : loaded 2 times (x 141B)
Class org.objectweb.asm.AnnotationVisitor                                             : loaded 2 times (x 80B)
Class com.google.common.base.Splitter                                                 : loaded 2 times (x 74B)
Class org.gradle.api.internal.DefaultClassPathProvider                                : loaded 2 times (x 78B)
Class com.google.common.collect.Sets$2                                                : loaded 2 times (x 141B)
Class [Lorg.gradle.api.internal.ClassPathProvider;                                    : loaded 2 times (x 71B)
Class org.gradle.api.internal.ClassPathProvider                                       : loaded 2 times (x 72B)
Class [Lorg.objectweb.asm.AnnotationVisitor;                                          : loaded 2 times (x 71B)
Class com.google.common.collect.Sets$3                                                : loaded 2 times (x 141B)
Class com.google.common.cache.LocalCache$LocalLoadingCache                            : loaded 2 times (x 136B)
Class com.google.common.base.AbstractIterator$State                                   : loaded 2 times (x 81B)
Class org.gradle.internal.service.UnknownServiceException                             : loaded 2 times (x 85B)
Class com.google.common.collect.Sets$4                                                : loaded 2 times (x 141B)
Class org.objectweb.asm.ModuleVisitor                                                 : loaded 2 times (x 83B)
Class com.google.common.cache.LocalCache$Strength$1                                   : loaded 2 times (x 83B)
Class com.google.common.util.concurrent.SettableFuture                                : loaded 2 times (x 116B)
Class com.google.common.cache.LocalCache$Strength$2                                   : loaded 2 times (x 83B)
Class com.google.common.cache.LocalCache$Strength$3                                   : loaded 2 times (x 83B)
Class com.google.common.collect.MapDifference                                         : loaded 2 times (x 72B)
Class com.google.common.base.Splitter$1                                               : loaded 2 times (x 79B)
Class org.objectweb.asm.FieldWriter                                                   : loaded 2 times (x 79B)
Class com.google.common.cache.CacheBuilder$NullListener                               : loaded 2 times (x 84B)
Class org.gradle.internal.classpath.TransformedClassPath                              : loaded 2 times (x 98B)
Class org.gradle.internal.classloader.InstrumentingClassLoader                        : loaded 2 times (x 72B)
Class com.google.common.collect.ImmutableRangeSet$AsSet                               : loaded 2 times (x 301B)
Class com.google.common.cache.CacheLoader$FunctionToCacheLoader                       : loaded 2 times (x 77B)
Class com.google.common.collect.Iterators$ArrayItr                                    : loaded 2 times (x 99B)
Class com.google.common.collect.ImmutableCollection$Builder                           : loaded 2 times (x 78B)
Class com.google.common.base.Joiner                                                   : loaded 2 times (x 81B)
Class com.google.common.base.MoreObjects                                              : loaded 2 times (x 73B)
Class com.google.common.base.Equivalence$Identity                                     : loaded 2 times (x 84B)
Class com.google.common.collect.Platform                                              : loaded 2 times (x 73B)
Class com.google.common.collect.UnmodifiableIterator                                  : loaded 2 times (x 82B)
Class org.gradle.internal.service.ServiceLocator                                      : loaded 2 times (x 72B)
Class com.google.common.collect.SingletonImmutableBiMap                               : loaded 2 times (x 145B)
Class com.google.common.base.Ascii                                                    : loaded 2 times (x 73B)
Class com.google.common.cache.LocalCache$1                                            : loaded 2 times (x 91B)
Class com.google.common.collect.AbstractMapEntry                                      : loaded 2 times (x 83B)
Class com.google.common.collect.Sets$ImprovedAbstractSet                              : loaded 2 times (x 137B)
Class com.google.common.collect.ImmutableList$Builder                                 : loaded 2 times (x 79B)
Class com.google.common.cache.LocalCache$2                                            : loaded 2 times (x 144B)
Class com.google.common.collect.AbstractMultimap                                      : loaded 2 times (x 125B)
Class com.google.common.collect.ImmutableRangeSet$1                                   : loaded 2 times (x 211B)
Class com.google.common.collect.RegularImmutableAsList                                : loaded 2 times (x 218B)
Class com.google.common.collect.Range                                                 : loaded 2 times (x 89B)
Class com.google.common.util.concurrent.AbstractFuture$Trusted                        : loaded 2 times (x 72B)
Class com.google.common.collect.Iterators                                             : loaded 2 times (x 73B)
Class com.google.common.util.concurrent.UncheckedExecutionException                   : loaded 2 times (x 84B)
Class com.google.common.collect.Lists$StringAsImmutableList                           : loaded 2 times (x 209B)
Class org.gradle.kotlin.dsl.VersionCatalogAccessorsKt                                 : loaded 2 times (x 73B)
Class com.google.common.collect.AbstractMapBasedMultimap$KeySet$1                     : loaded 2 times (x 84B)
Class org.objectweb.asm.ClassWriter                                                   : loaded 2 times (x 107B)
Class com.google.common.cache.CacheLoader$UnsupportedLoadingOperationException        : loaded 2 times (x 84B)
Class com.google.common.base.CharMatcher$And                                          : loaded 2 times (x 114B)
Class com.google.common.base.Objects                                                  : loaded 2 times (x 73B)
Class org.objectweb.asm.FieldVisitor                                                  : loaded 2 times (x 79B)
Class com.google.common.collect.IndexedImmutableSet                                   : loaded 2 times (x 152B)
Class com.google.common.collect.ImmutableMap$1                                        : loaded 2 times (x 83B)
Class com.google.common.collect.BiMap                                                 : loaded 2 times (x 72B)
Class org.gradle.api.internal.classpath.DefaultModuleRegistry$DefaultModule           : loaded 2 times (x 84B)
Class com.google.common.primitives.Ints                                               : loaded 2 times (x 73B)
Class com.google.common.collect.AbstractIterator                                      : loaded 2 times (x 84B)
Class com.google.common.math.MathPreconditions                                        : loaded 2 times (x 73B)
Class com.google.common.collect.Multiset                                              : loaded 2 times (x 72B)
Class com.google.common.collect.ArrayListMultimapGwtSerializationDependencies         : loaded 2 times (x 173B)
Class com.google.common.collect.ObjectArrays                                          : loaded 2 times (x 73B)
Class com.google.common.collect.AbstractIndexedListIterator                           : loaded 2 times (x 98B)
Class com.google.common.collect.ImmutableMapEntrySet                                  : loaded 2 times (x 153B)
Class org.gradle.api.internal.classpath.Module                                        : loaded 2 times (x 72B)
Class com.google.common.cache.Weigher                                                 : loaded 2 times (x 72B)
Class org.gradle.api.internal.classpath.UnknownModuleException                        : loaded 2 times (x 84B)
Class com.google.common.base.Stopwatch                                                : loaded 2 times (x 74B)
Class com.google.common.cache.LocalCache$Strength                                     : loaded 2 times (x 83B)
Class com.google.common.cache.Cache                                                   : loaded 2 times (x 72B)
Class com.google.common.util.concurrent.AbstractFuture$Cancellation                   : loaded 2 times (x 74B)
Class com.google.common.collect.ImmutableMap$Builder                                  : loaded 2 times (x 84B)
Class com.google.common.base.NullnessCasts                                            : loaded 2 times (x 73B)
Class com.google.common.cache.RemovalListener                                         : loaded 2 times (x 72B)
Class org.gradle.api.internal.DefaultClassPathRegistry                                : loaded 2 times (x 78B)
Class com.google.common.primitives.IntsMethodsForWeb                                  : loaded 2 times (x 73B)
Class com.google.common.collect.Multimap                                              : loaded 2 times (x 72B)
Class org.gradle.internal.classpath.DefaultClassPath$ImmutableUniqueList              : loaded 2 times (x 201B)
Class org.gradle.api.internal.ClassPathRegistry                                       : loaded 2 times (x 72B)
Class com.google.common.base.ExtraObjectsMethodsForWeb                                : loaded 2 times (x 73B)
Class [Lorg.objectweb.asm.Type;                                                       : loaded 2 times (x 71B)
Class com.google.common.cache.CacheBuilder                                            : loaded 2 times (x 74B)
Class com.google.common.collect.SingletonImmutableList                                : loaded 2 times (x 209B)
Class Settings_gradle$1                                                               : loaded 2 times (x 76B)
Class org.gradle.internal.classpath.ClassPath                                         : loaded 2 times (x 72B)
Class com.google.common.collect.ImmutableList$ReverseImmutableList                    : loaded 2 times (x 210B)
Class com.google.common.base.JdkPattern                                               : loaded 2 times (x 77B)
Class org.objectweb.asm.SymbolTable$Entry                                             : loaded 2 times (x 75B)
Class org.gradle.api.internal.classpath.DefaultModuleRegistry$DefaultModuleAlias      : loaded 2 times (x 82B)
Class org.objectweb.asm.Edge                                                          : loaded 2 times (x 74B)
Class com.google.common.base.Suppliers$SupplierOfInstance                             : loaded 2 times (x 81B)
Class com.google.common.collect.Iterators$1                                           : loaded 2 times (x 83B)
Class com.google.common.cache.LocalCache$ComputingValueReference                      : loaded 2 times (x 98B)
Class com.google.common.collect.SingletonImmutableSet                                 : loaded 2 times (x 148B)
Class com.google.common.collect.ImmutableMap$IteratorBasedImmutableMap                : loaded 2 times (x 127B)
Class com.google.common.cache.LocalCache$Segment                                      : loaded 2 times (x 155B)
Class com.google.common.collect.SortedIterable                                        : loaded 2 times (x 72B)
Class [Lorg.objectweb.asm.SymbolTable$Entry;                                          : loaded 2 times (x 71B)
Class com.google.common.cache.CacheLoader                                             : loaded 2 times (x 76B)
Class com.google.common.collect.Iterators$4                                           : loaded 2 times (x 84B)
Class com.google.common.collect.ImmutableBiMap                                        : loaded 2 times (x 145B)
Class com.google.common.collect.AbstractListMultimap                                  : loaded 2 times (x 173B)
Class org.gradle.api.internal.classpath.ModuleRegistry                                : loaded 2 times (x 72B)
Class org.gradle.internal.installation.GradleInstallation$1                           : loaded 2 times (x 77B)
Class com.google.common.util.concurrent.internal.InternalFutureFailureAccess          : loaded 2 times (x 74B)
Class com.google.common.collect.Iterators$5                                           : loaded 2 times (x 84B)
Class com.google.common.collect.ImmutableSet$JdkBackedSetBuilderImpl                  : loaded 2 times (x 78B)
Class com.google.common.base.Splitter$SplittingIterator                               : loaded 2 times (x 85B)
Class com.google.common.cache.LocalCache$LocalManualCache$1                           : loaded 2 times (x 77B)
Class com.google.common.base.CharMatcher$ForPredicate                                 : loaded 2 times (x 114B)
Class com.google.common.collect.ImmutableCollection                                   : loaded 2 times (x 127B)
Class com.google.common.base.CharMatcher$AnyOf                                        : loaded 2 times (x 114B)
Class org.gradle.api.internal.classpath.DefaultModuleRegistry                         : loaded 2 times (x 86B)
Class com.google.common.util.concurrent.ListenableFuture                              : loaded 2 times (x 72B)
Class com.google.common.cache.ReferenceEntry                                          : loaded 2 times (x 72B)
Class com.google.common.collect.ImmutableSet$CachingAsList                            : loaded 2 times (x 149B)
Class com.google.common.base.Converter                                                : loaded 2 times (x 92B)
Class com.google.common.collect.Lists                                                 : loaded 2 times (x 73B)
Class com.google.common.util.concurrent.AbstractFuture                                : loaded 2 times (x 108B)
Class com.google.common.base.FunctionalEquivalence                                    : loaded 2 times (x 85B)
Class com.google.common.collect.Iterators$9                                           : loaded 2 times (x 83B)
Class com.google.common.collect.AbstractMapBasedMultimap                              : loaded 2 times (x 140B)
Class com.google.common.collect.ImmutableAsList                                       : loaded 2 times (x 211B)
Class org.objectweb.asm.RecordComponentVisitor                                        : loaded 2 times (x 79B)
Class com.google.common.cache.CacheLoader$SupplierToCacheLoader                       : loaded 2 times (x 77B)
Class org.gradle.internal.service.ServiceLookupException                              : loaded 2 times (x 84B)
Class com.google.common.collect.ImmutableSortedSet                                    : loaded 2 times (x 301B)
Class [Lcom.google.common.cache.LocalCache$EntryFactory;                              : loaded 2 times (x 71B)
Class org.gradle.internal.classloader.ClassLoaderFactory                              : loaded 2 times (x 72B)
Class com.google.common.cache.LocalCache$LocalManualCache                             : loaded 2 times (x 101B)
Class com.google.common.base.CharMatcher$IsNot                                        : loaded 2 times (x 113B)
Class com.google.common.base.CommonPattern                                            : loaded 2 times (x 76B)
Class org.gradle.internal.service.CachingServiceLocator                               : loaded 2 times (x 84B)
Class com.google.common.collect.AbstractMapBasedMultimap$KeySet                       : loaded 2 times (x 139B)
Class com.google.common.collect.RegularImmutableSortedSet                             : loaded 2 times (x 301B)
Class com.google.common.math.IntMath                                                  : loaded 2 times (x 73B)
Class com.google.common.collect.ImmutableMapEntry                                     : loaded 2 times (x 87B)
Class com.google.common.base.Equivalence                                              : loaded 2 times (x 84B)
Class com.google.common.collect.ImmutableMapEntry$NonTerminalImmutableMapEntry        : loaded 2 times (x 87B)
Class com.google.common.base.Function                                                 : loaded 2 times (x 72B)
Class com.google.common.collect.IndexedImmutableSet$1                                 : loaded 2 times (x 214B)
Class com.google.common.cache.CacheBuilder$OneWeigher                                 : loaded 2 times (x 84B)
Class com.google.common.collect.RegularImmutableList                                  : loaded 2 times (x 214B)
Class org.gradle.internal.classloader.ClasspathUtil                                   : loaded 2 times (x 73B)
Class com.google.common.util.concurrent.Uninterruptibles                              : loaded 2 times (x 73B)
Class com.google.common.collect.Maps                                                  : loaded 2 times (x 73B)
Class org.gradle.api.specs.Spec                                                       : loaded 2 times (x 72B)
Class [Lcom.google.common.collect.ImmutableEntry;                                     : loaded 2 times (x 71B)
Class com.google.common.cache.LocalCache$LoadingValueReference                        : loaded 2 times (x 98B)
Class com.google.common.base.Platform                                                 : loaded 2 times (x 73B)
Class [Lorg.objectweb.asm.AnnotationWriter;                                           : loaded 2 times (x 71B)
Class com.google.common.collect.Maps$8                                                : loaded 2 times (x 84B)
Class com.google.common.collect.ImmutableRangeSet$Builder                             : loaded 2 times (x 79B)
Class com.google.common.collect.Sets$SetView                                          : loaded 2 times (x 140B)
Class com.google.common.cache.LocalCache$StrongValueReference                         : loaded 2 times (x 92B)
Class org.objectweb.asm.Type                                                          : loaded 2 times (x 74B)
Class org.gradle.internal.classloader.VisitableURLClassLoader$InstrumentingVisitableURLClassLoader: loaded 2 times (x 124B)
Class org.objectweb.asm.ByteVector                                                    : loaded 2 times (x 81B)
Class [Lcom.google.common.cache.CacheBuilder$NullListener;                            : loaded 2 times (x 71B)
Class com.google.common.math.IntMath$1                                                : loaded 2 times (x 73B)
Class org.gradle.internal.classloader.VisitableURLClassLoader$Spec                    : loaded 2 times (x 76B)
Class org.gradle.internal.classpath.DefaultClassPath                                  : loaded 2 times (x 92B)
Class org.objectweb.asm.Symbol                                                        : loaded 2 times (x 75B)
Class com.google.common.base.AbstractIterator                                         : loaded 2 times (x 82B)
Class com.google.common.collect.RegularImmutableMap$Values                            : loaded 2 times (x 209B)
Class com.google.common.collect.ImmutableSet                                          : loaded 2 times (x 147B)
Class com.google.common.base.CharMatcher$BitSetMatcher                                : loaded 2 times (x 114B)
Class org.gradle.internal.classloader.ClassLoaderSpec                                 : loaded 2 times (x 73B)
Class org.objectweb.asm.AnnotationWriter                                              : loaded 2 times (x 80B)
Class com.google.common.cache.CacheStats                                              : loaded 2 times (x 73B)
Class org.objectweb.asm.RecordComponentWriter                                         : loaded 2 times (x 79B)
Class com.google.common.util.concurrent.AbstractFuture$Listener                       : loaded 2 times (x 74B)
Class com.google.common.base.CharMatcher$Or                                           : loaded 2 times (x 114B)
Class Settings_gradle$1$1                                                             : loaded 2 times (x 76B)
Class org.gradle.api.internal.classpath.Module$ModuleAlias                            : loaded 2 times (x 72B)
Class org.objectweb.asm.Attribute                                                     : loaded 2 times (x 79B)
Class com.google.common.base.Supplier                                                 : loaded 2 times (x 72B)
Class org.gradle.internal.classloader.VisitableURLClassLoader                         : loaded 2 times (x 118B)
Class Settings_gradle                                                                 : loaded 2 times (x 126B)
Class org.gradle.internal.Cast                                                        : loaded 2 times (x 73B)
Class org.gradle.api.Action                                                           : loaded 2 times (x 72B)
Class com.google.common.collect.Sets                                                  : loaded 2 times (x 73B)
Class org.objectweb.asm.Handler                                                       : loaded 2 times (x 74B)
Class com.google.common.base.Ticker                                                   : loaded 2 times (x 74B)
Class com.google.common.base.Strings                                                  : loaded 2 times (x 73B)
Class com.google.common.base.CharMatcher$FastMatcher                                  : loaded 2 times (x 113B)
Class [Lcom.google.common.cache.LocalCache$Segment;                                   : loaded 2 times (x 71B)
Class [Lcom.google.common.cache.LocalCache$Strength;                                  : loaded 2 times (x 71B)
Class com.google.common.cache.CacheBuilder$1                                          : loaded 2 times (x 87B)
Class com.google.common.collect.ImmutableMap                                          : loaded 2 times (x 122B)
Class com.google.common.base.Predicate                                                : loaded 2 times (x 72B)
Class org.gradle.internal.classpath.DefaultClassPath$ImmutableUniqueList$Builder      : loaded 2 times (x 77B)
Class com.google.common.collect.AbstractRangeSet                                      : loaded 2 times (x 116B)
Class com.google.common.cache.LocalCache                                              : loaded 2 times (x 188B)
Class com.google.common.cache.CacheBuilder$2                                          : loaded 2 times (x 74B)
Class com.google.common.base.CharMatcher$NegatedFastMatcher                           : loaded 2 times (x 115B)
Class [Lcom.google.common.collect.AbstractMapEntry;                                   : loaded 2 times (x 71B)
Class com.google.common.collect.ImmutableEntry                                        : loaded 2 times (x 84B)
Class com.google.common.collect.ArrayListMultimap                                     : loaded 2 times (x 173B)
Class org.gradle.api.GradleException                                                  : loaded 2 times (x 84B)
Class com.google.common.collect.CollectPreconditions                                  : loaded 2 times (x 73B)
Class com.google.common.collect.SortedMapDifference                                   : loaded 2 times (x 72B)
Class com.google.common.cache.LocalCache$EntryFactory                                 : loaded 2 times (x 85B)
Class com.google.common.cache.LocalCache$AbstractReferenceEntry                       : loaded 2 times (x 109B)
Class com.google.common.base.CharMatcher$Whitespace                                   : loaded 2 times (x 114B)
Class org.gradle.internal.IoActions                                                   : loaded 2 times (x 73B)
Class com.google.common.collect.ImmutableRangeSet$ComplementRanges                    : loaded 2 times (x 209B)
Class org.objectweb.asm.SymbolTable                                                   : loaded 2 times (x 74B)
Class com.google.common.cache.CacheLoader$InvalidCacheLoadException                   : loaded 2 times (x 84B)
Class com.google.common.collect.ImmutableSet$RegularSetBuilderImpl                    : loaded 2 times (x 78B)
Class com.google.common.cache.LocalCache$StrongEntry                                  : loaded 2 times (x 110B)
Class com.google.common.util.concurrent.AbstractFuture$TrustedFuture                  : loaded 2 times (x 116B)
Class com.google.common.cache.LoadingCache                                            : loaded 2 times (x 72B)
Class org.objectweb.asm.MethodWriter                                                  : loaded 2 times (x 107B)
Class [Lcom.google.common.cache.Weigher;                                              : loaded 2 times (x 71B)
Class com.google.common.collect.RegularImmutableMap$BucketOverflowException           : loaded 2 times (x 84B)
Class com.google.common.collect.RegularImmutableBiMap                                 : loaded 2 times (x 149B)
Class com.google.common.cache.LocalCache$ValueReference                               : loaded 2 times (x 72B)
Class com.google.common.base.CharMatcher$Negated                                      : loaded 2 times (x 115B)
Class com.google.common.base.CharMatcher$Is                                           : loaded 2 times (x 113B)
Class com.google.common.util.concurrent.AbstractFuture$Failure                        : loaded 2 times (x 74B)
Class com.google.common.base.Equivalence$Equals                                       : loaded 2 times (x 84B)
Class com.google.common.collect.Hashing                                               : loaded 2 times (x 73B)
Class com.google.common.base.PatternCompiler                                          : loaded 2 times (x 72B)
Class com.google.common.base.Preconditions                                            : loaded 2 times (x 73B)
Class com.google.common.base.Joiner$1                                                 : loaded 2 times (x 82B)
Class org.objectweb.asm.Label                                                         : loaded 2 times (x 75B)
Class org.objectweb.asm.CurrentFrame                                                  : loaded 2 times (x 75B)
Class org.objectweb.asm.ClassTooLargeException                                        : loaded 2 times (x 84B)
Class com.google.common.collect.PeekingIterator                                       : loaded 2 times (x 72B)
Class com.google.common.base.CharMatcher                                              : loaded 2 times (x 113B)
Class com.google.common.collect.RangeGwtSerializationDependencies                     : loaded 2 times (x 73B)
Class com.google.common.base.Joiner$2                                                 : loaded 2 times (x 81B)
Class org.objectweb.asm.Frame                                                         : loaded 2 times (x 75B)
Class org.objectweb.asm.MethodVisitor                                                 : loaded 2 times (x 107B)
Class com.google.common.cache.LocalCache$EntryFactory$1                               : loaded 2 times (x 85B)
Class [Lcom.google.common.cache.RemovalListener;                                      : loaded 2 times (x 71B)
Class com.google.common.base.CharMatcher$1                                            : loaded 2 times (x 115B)
Class com.google.common.base.CharMatcher$NamedFastMatcher                             : loaded 2 times (x 114B)
Class com.google.common.collect.RangeSet                                              : loaded 2 times (x 72B)
Class com.google.common.cache.LocalCache$EntryFactory$2                               : loaded 2 times (x 85B)
Class com.google.common.collect.CollectCollectors                                     : loaded 2 times (x 73B)
Class org.objectweb.asm.ModuleWriter                                                  : loaded 2 times (x 83B)
Class com.google.common.cache.LocalCache$EntryFactory$3                               : loaded 2 times (x 85B)
Class com.google.common.base.Ticker$1                                                 : loaded 2 times (x 74B)
Class com.google.common.collect.ImmutableMapEntrySet$RegularEntrySet                  : loaded 2 times (x 153B)
Class com.google.common.collect.Maps$BiMapConverter                                   : loaded 2 times (x 92B)
Class com.google.common.cache.LocalCache$EntryFactory$4                               : loaded 2 times (x 85B)
Class com.google.common.collect.ImmutableSet$Builder                                  : loaded 2 times (x 87B)
Class com.google.common.base.CharMatcher$InRange                                      : loaded 2 times (x 113B)
Class com.google.common.cache.LocalCache$EntryFactory$5                               : loaded 2 times (x 85B)
Class com.google.common.base.PairwiseEquivalence                                      : loaded 2 times (x 85B)
Class com.google.common.cache.LocalCache$EntryFactory$6                               : loaded 2 times (x 85B)
Class org.gradle.internal.installation.CurrentGradleInstallationLocator               : loaded 2 times (x 73B)
Class com.google.common.collect.Maps$KeySet                                           : loaded 2 times (x 139B)
Class com.google.common.cache.LocalCache$EntryFactory$7                               : loaded 2 times (x 85B)
Class com.google.common.collect.ImmutableSet$EmptySetBuilderImpl                      : loaded 2 times (x 78B)
Class com.google.common.collect.ImmutableList                                         : loaded 2 times (x 208B)
Class org.gradle.internal.service.DefaultServiceLocator                               : loaded 2 times (x 85B)
Class com.google.common.cache.LocalCache$EntryFactory$8                               : loaded 2 times (x 85B)
Class com.google.common.collect.ImmutableSet$SetBuilderImpl                           : loaded 2 times (x 78B)
Class org.gradle.internal.installation.CurrentGradleInstallation                      : loaded 2 times (x 75B)
Class com.google.common.cache.CacheLoader$1                                           : loaded 2 times (x 77B)
Class com.google.common.collect.ImmutableList$SubList                                 : loaded 2 times (x 210B)
Class org.gradle.util.internal.GUtil                                                  : loaded 2 times (x 73B)
Class com.google.common.cache.AbstractCache$StatsCounter                              : loaded 2 times (x 72B)
Class com.google.common.collect.Iterators$MergingIterator                             : loaded 2 times (x 83B)
Class com.google.common.collect.RegularImmutableSet                                   : loaded 2 times (x 149B)
Class org.gradle.internal.installation.GradleInstallation                             : loaded 2 times (x 77B)
Class com.google.common.collect.Iterables                                             : loaded 2 times (x 73B)
Class com.google.common.base.Splitter$Strategy                                        : loaded 2 times (x 72B)

---------------  S Y S T E M  ---------------

OS:
 Windows 10 , 64 bit Build 19041 (10.0.19041.5915)
OS uptime: 0 days 0:31 hours
Hyper-V role detected

CPU: total 12 (initial active 12) (6 cores per cpu, 2 threads per core) family 6 model 186 stepping 3 microcode 0x4123, cx8, cmov, fxsr, ht, mmx, 3dnowpref, sse, sse2, sse3, ssse3, sse4.1, sse4.2, popcnt, lzcnt, tsc, tscinvbit, avx, avx2, aes, erms, clmul, bmi1, bmi2, adx, sha, fma, vzeroupper, clflush, clflushopt, clwb, hv, rdtscp, rdpid, fsrm, gfni, f16c, cet_ibt, cet_ss
Processor Information for processor 0
  Max Mhz: 1300, Current Mhz: 1300, Mhz Limit: 897
Processor Information for processor 1
  Max Mhz: 1300, Current Mhz: 1300, Mhz Limit: 897
Processor Information for processor 2
  Max Mhz: 1300, Current Mhz: 1300, Mhz Limit: 1300
Processor Information for processor 3
  Max Mhz: 1300, Current Mhz: 1300, Mhz Limit: 1300
Processor Information for processor 4
  Max Mhz: 1300, Current Mhz: 900, Mhz Limit: 897
Processor Information for processor 5
  Max Mhz: 1300, Current Mhz: 900, Mhz Limit: 897
Processor Information for processor 6
  Max Mhz: 1300, Current Mhz: 900, Mhz Limit: 897
Processor Information for processor 7
  Max Mhz: 1300, Current Mhz: 900, Mhz Limit: 897
Processor Information for processor 8
  Max Mhz: 1300, Current Mhz: 900, Mhz Limit: 897
Processor Information for processor 9
  Max Mhz: 1300, Current Mhz: 900, Mhz Limit: 897
Processor Information for processor 10
  Max Mhz: 1300, Current Mhz: 900, Mhz Limit: 897
Processor Information for processor 11
  Max Mhz: 1300, Current Mhz: 900, Mhz Limit: 897

Memory: 4k page, system-wide physical 7835M (383M free)
TotalPageFile size 16324M (AvailPageFile size 19M)
current process WorkingSet (physical memory assigned to process): 408M, peak: 409M
current process commit charge ("private bytes"): 473M, peak: 488M

vm_info: OpenJDK 64-Bit Server VM (25.0.2+-15348964-b329.117) for windows-amd64 JRE (25.0.2+-15348964-b329.117), built on 2026-05-05T18:25:19Z with MS VC++ 16.10 / 16.11 (VS2019)

END.
